sigheight,swellheight,period,windspeed,winddirdegree,bulk
0.9,0.8,8.2,6,260,1
0.9,0.8,8.2,6,260,2
0.9,0.8,8.3,3,248,1
0.9,0.8,8.3,3,248,1
0.9,0.8,8.3,5,204,1
0.8,0.7,8.2,13,106,1
0.8,0.7,8.2,12,111,1
0.9,0.8,8.2,6,260,1
0.9,0.8,8.2,6,260,2
0.9,0.8,8.3,3,248,1
0.9,0.8,8.3,3,248,1
0.9,0.8,8.3,5,204,1
0.8,0.7,8.2,13,106,1
0.8,0.7,8.2,12,111,1
0.9,0.8,8.2,6,260,1
0.9,0.8,8.2,6,260,2
0.9,0.8,8.3,3,248,1
0.9,0.8,8.3,3,248,1
0.9,0.8,8.3,5,204,1
0.8,0.7,8.2,13,106,1
0.8,0.7,8.2,12,111,1
0.9,0.8,8.2,6,260,1
0.9,0.8,8.2,6,260,2
0.9,0.8,8.3,3,248,1
0.9,0.8,8.3,3,248,1
0.9,0.8,8.3,5,204,1
0.8,0.7,8.2,13,106,1
0.8,0.7,8.2,12,111,1
0.9,0.8,8.2,6,260,1
0.9,0.8,8.2,6,260,2
0.9,0.8,8.3,3,248,1
0.9,0.8,8.3,3,248,1
0.9,0.8,8.3,5,204,1
0.8,0.7,8.2,13,106,1
0.8,0.7,8.2,12,111,1
0.9,0.8,8.2,6,260,1
0.9,0.8,8.2,6,260,2
0.9,0.8,8.3,3,248,1
0.9,0.8,8.3,3,248,1
0.9,0.8,8.3,5,204,1
0.8,0.7,8.2,13,106,1
0.8,0.7,8.2,12,111,1
0.9,0.8,8.2,6,260,1
0.9,0.8,8.2,6,260,2
0.9,0.8,8.3,3,248,1
0.9,0.8,8.3,3,248,1
0.9,0.8,8.3,5,204,1
0.8,0.7,8.2,13,106,1
0.8,0.7,8.2,12,111,1
0.7,0.7,7.8,4,261,1
0.7,0.7,7.8,4,261,1
0.7,0.7,7.7,4,276,1
0.7,0.7,7.7,4,276,1
0.8,0.8,7.7,8,135,1
0.8,0.8,7.7,10,60,1
0.8,0.8,7.8,14,62,1
0.8,0.8,7.8,14,62,1
0.8,0.8,7.8,14,59,1
0.7,0.7,7.8,4,261,1
0.7,0.7,7.8,4,261,1
0.7,0.7,7.7,4,276,1
0.7,0.7,7.7,4,276,1
0.8,0.8,7.7,8,135,1
0.8,0.8,7.7,10,60,1
0.8,0.8,7.8,14,62,1
0.8,0.8,7.8,14,62,1
0.8,0.8,7.8,14,59,1
0.7,0.7,7.8,4,261,1
0.7,0.7,7.8,4,261,1
0.7,0.7,7.7,4,276,1
0.7,0.7,7.7,4,276,1
0.8,0.8,7.7,8,135,1
0.8,0.8,7.7,10,60,1
0.8,0.8,7.8,14,62,1
0.8,0.8,7.8,14,62,1
0.8,0.8,7.8,14,59,1
0.7,0.7,7.8,4,261,1
0.7,0.7,7.8,4,261,1
0.7,0.7,7.7,4,276,1
0.7,0.7,7.7,4,276,1
0.8,0.8,7.7,8,135,1
0.8,0.8,7.7,10,60,1
0.8,0.8,7.8,14,62,1
0.8,0.8,7.8,14,62,1
0.8,0.8,7.8,14,59,1
0.7,0.7,7.8,4,261,1
0.7,0.7,7.8,4,261,1
0.7,0.7,7.7,4,276,1
0.7,0.7,7.7,4,276,1
0.8,0.8,7.7,8,135,1
0.8,0.8,7.7,10,60,1
0.8,0.8,7.8,14,62,1
0.8,0.8,7.8,14,62,1
0.8,0.8,7.8,14,59,1
0.7,0.7,7.8,4,261,1
0.7,0.7,7.8,4,261,1
0.7,0.7,7.7,4,276,1
0.7,0.7,7.7,4,276,1
0.8,0.8,7.7,8,135,1
0.8,0.8,7.7,10,60,1
0.8,0.8,7.8,14,62,1
0.8,0.8,7.8,14,62,1
0.8,0.8,7.8,14,59,1
0.7,0.7,7.8,4,261,1
0.7,0.7,7.8,4,261,1
0.7,0.7,7.7,4,276,1
0.7,0.7,7.7,4,276,1
0.8,0.8,7.7,8,135,1
0.8,0.8,7.7,10,60,1
0.8,0.8,7.8,14,62,1
0.8,0.8,7.8,14,62,1
0.8,0.8,7.8,14,59,1
0.8,0.7,8.2,6,333,1
0.8,0.8,8.3,8,338,1
0.8,0.8,8.3,12,240,1
0.8,0.8,8.3,15,137,1
0.9,0.8,8.2,16,29,1
0.8,0.7,8.2,6,333,1
0.8,0.8,8.3,8,338,1
0.8,0.8,8.3,12,240,1
0.8,0.8,8.3,15,137,1
0.9,0.8,8.2,16,29,1
0.8,0.7,8.2,6,333,1
0.8,0.8,8.3,8,338,1
0.8,0.8,8.3,12,240,1
0.8,0.8,8.3,15,137,1
0.9,0.8,8.2,16,29,1
0.8,0.7,8.2,6,333,1
0.8,0.8,8.3,8,338,1
0.8,0.8,8.3,12,240,1
0.8,0.8,8.3,15,137,1
0.9,0.8,8.2,16,29,1
0.8,0.7,8.2,6,333,1
0.8,0.8,8.3,8,338,1
0.8,0.8,8.3,12,240,1
0.8,0.8,8.3,15,137,1
0.9,0.8,8.2,16,29,1
0.8,0.7,8.2,6,333,1
0.8,0.8,8.3,8,338,1
0.8,0.8,8.3,12,240,1
0.8,0.8,8.3,15,137,1
0.9,0.8,8.2,16,29,1
0.8,0.7,8.2,6,333,1
0.8,0.8,8.3,8,338,1
0.8,0.8,8.3,12,240,1
0.8,0.8,8.3,15,137,1
0.9,0.8,8.2,16,29,1
0.8,0.7,8.2,5,328,1
0.8,0.8,8.3,8,338,0
0.8,0.8,8.3,12,240,1
0.8,0.8,8.3,19,34,0
0.8,0.7,8.2,5,328,1
0.8,0.8,8.3,8,338,0
0.8,0.8,8.3,12,240,1
0.8,0.8,8.3,19,34,0
0.8,0.7,8.2,5,328,1
0.8,0.8,8.3,8,338,0
0.8,0.8,8.3,12,240,1
0.8,0.8,8.3,19,34,0
0.8,0.7,8.2,5,328,1
0.8,0.8,8.3,8,338,0
0.8,0.8,8.3,12,240,1
0.8,0.8,8.3,19,34,0
0.8,0.7,8.2,5,328,1
0.8,0.8,8.3,8,338,0
0.8,0.8,8.3,12,240,1
0.8,0.8,8.3,19,34,0
0.8,0.7,8.2,5,328,1
0.8,0.8,8.3,8,338,0
0.8,0.8,8.3,12,240,1
0.8,0.8,8.3,19,34,0
0.8,0.7,8.2,5,328,1
0.8,0.8,8.3,8,338,0
0.8,0.8,8.3,12,240,1
0.8,0.8,8.3,19,34,0
0.6,0.6,8.9,13,316,1
0.6,0.6,8.9,13,306,1
0.6,0.6,8.9,12,296,1
0.6,0.6,8.9,11,195,0
0.6,0.6,8.9,13,316,1
0.6,0.6,8.9,13,306,1
0.6,0.6,8.9,12,296,1
0.6,0.6,8.9,11,195,0
0.6,0.6,8.9,13,316,1
0.6,0.6,8.9,13,306,1
0.6,0.6,8.9,12,296,1
0.6,0.6,8.9,11,195,0
0.6,0.6,8.9,13,316,1
0.6,0.6,8.9,13,306,1
0.6,0.6,8.9,12,296,1
0.6,0.6,8.9,11,195,0
0.6,0.6,8.9,13,316,1
0.6,0.6,8.9,13,306,1
0.6,0.6,8.9,12,296,1
0.6,0.6,8.9,11,195,0
0.6,0.6,8.9,13,316,1
0.6,0.6,8.9,13,306,1
0.6,0.6,8.9,12,296,1
0.6,0.6,8.9,11,195,0
0.6,0.6,8.9,13,316,1
0.6,0.6,8.9,13,306,1
0.6,0.6,8.9,12,296,1
0.6,0.6,8.9,11,195,0
0.8,0.6,8.5,22,6,0
0.8,0.6,4.9,18,324,0
0.8,0.7,5.0,20,108,0
0.8,0.6,8.5,22,6,0
0.8,0.6,4.9,18,324,0
0.8,0.7,5.0,20,108,0
0.8,0.6,8.5,22,6,0
0.8,0.6,4.9,18,324,0
0.8,0.7,5.0,20,108,0
0.8,0.6,8.5,22,6,0
0.8,0.6,4.9,18,324,0
0.8,0.7,5.0,20,108,0
0.8,0.6,8.5,22,6,0
0.8,0.6,4.9,18,324,0
0.8,0.7,5.0,20,108,0
0.8,0.6,8.5,22,6,0
0.8,0.6,4.9,18,324,0
0.8,0.7,5.0,20,108,0
0.8,0.6,8.5,22,6,0
0.8,0.6,4.9,18,324,0
0.8,0.7,5.0,20,108,0
0.7,0.7,7.6,23,343,1
0.7,0.7,4.5,20,245,0
0.5,0.7,4.5,20,30,1
0.7,0.7,7.6,23,343,1
0.7,0.7,4.5,20,245,0
0.5,0.7,4.5,20,30,1
0.7,0.7,7.6,23,343,1
0.7,0.7,4.5,20,245,0
0.5,0.7,4.5,20,30,1
0.7,0.7,7.6,23,343,1
0.7,0.7,4.5,20,245,0
0.5,0.7,4.5,20,30,1
0.7,0.7,7.6,23,343,1
0.7,0.7,4.5,20,245,0
0.5,0.7,4.5,20,30,1
0.7,0.7,7.6,23,343,1
0.7,0.7,4.5,20,245,0
0.5,0.7,4.5,20,30,1
0.7,0.7,7.6,23,343,1
0.7,0.7,4.5,20,245,0
0.5,0.7,4.5,20,30,1
0.5,0.5,5.5,12,342,1
0.5,0.5,5.5,12,342,1
0.5,0.5,5.5,13,323,1
0.5,0.5,5.5,14,314,1
0.5,0.5,5.5,14,310,0
0.5,0.4,5.5,13,304,1
0.5,0.4,5.5,13,304,0
0.5,0.4,5.5,12,320,0
0.5,0.4,5.4,11,353,0
0.5,0.5,5.5,12,342,1
0.5,0.5,5.5,12,342,1
0.5,0.5,5.5,13,323,1
0.5,0.5,5.5,14,314,1
0.5,0.5,5.5,14,310,0
0.5,0.4,5.5,13,304,1
0.5,0.4,5.5,13,304,0
0.5,0.4,5.5,12,320,0
0.5,0.4,5.4,11,353,0
0.5,0.5,5.5,12,342,1
0.5,0.5,5.5,12,342,1
0.5,0.5,5.5,13,323,1
0.5,0.5,5.5,14,314,1
0.5,0.5,5.5,14,310,0
0.5,0.4,5.5,13,304,1
0.5,0.4,5.5,13,304,0
0.5,0.4,5.5,12,320,0
0.5,0.4,5.4,11,353,0
0.5,0.5,5.5,12,342,1
0.5,0.5,5.5,12,342,1
0.5,0.5,5.5,13,323,1
0.5,0.5,5.5,14,314,1
0.5,0.5,5.5,14,310,0
0.5,0.4,5.5,13,304,1
0.5,0.4,5.5,13,304,0
0.5,0.4,5.5,12,320,0
0.5,0.4,5.4,11,353,0
0.5,0.5,5.5,12,342,1
0.5,0.5,5.5,12,342,1
0.5,0.5,5.5,13,323,1
0.5,0.5,5.5,14,314,1
0.5,0.5,5.5,14,310,0
0.5,0.4,5.5,13,304,1
0.5,0.4,5.5,13,304,0
0.5,0.4,5.5,12,320,0
0.5,0.4,5.4,11,353,0
0.5,0.5,5.5,12,342,1
0.5,0.5,5.5,12,342,1
0.5,0.5,5.5,13,323,1
0.5,0.5,5.5,14,314,1
0.5,0.5,5.5,14,310,0
0.5,0.4,5.5,13,304,1
0.5,0.4,5.5,13,304,0
0.5,0.4,5.5,12,320,0
0.5,0.4,5.4,11,353,0
0.5,0.5,5.5,12,342,1
0.5,0.5,5.5,12,342,1
0.5,0.5,5.5,13,323,1
0.5,0.5,5.5,14,314,1
0.5,0.5,5.5,14,310,0
0.5,0.4,5.5,13,304,1
0.5,0.4,5.5,13,304,0
0.5,0.4,5.5,12,320,0
0.5,0.4,5.4,11,353,0
0.9,0.7,5.0,23,354,1
0.9,0.7,5.1,23,338,1
0.9,0.7,5.1,22,334,1
0.9,0.7,5.0,23,354,1
0.9,0.7,5.1,23,338,1
0.9,0.7,5.1,22,334,1
0.9,0.7,5.0,23,354,1
0.9,0.7,5.1,23,338,1
0.9,0.7,5.1,22,334,1
0.9,0.7,5.0,23,354,1
0.9,0.7,5.1,23,338,1
0.9,0.7,5.1,22,334,1
0.9,0.7,5.0,23,354,1
0.9,0.7,5.1,23,338,1
0.9,0.7,5.1,22,334,1
0.9,0.7,5.0,23,354,1
0.9,0.7,5.1,23,338,1
0.9,0.7,5.1,22,334,1
0.9,0.7,5.0,23,354,1
0.9,0.7,5.1,23,338,1
0.9,0.7,5.1,22,334,1
0.6,0.5,5.5,14,203,0
0.6,0.5,5.5,12,242,1
0.5,0.5,5.5,8,246,1
0.5,0.5,5.5,6,215,0
0.6,0.5,5.5,14,203,0
0.6,0.5,5.5,12,242,1
0.5,0.5,5.5,8,246,1
0.5,0.5,5.5,6,215,0
0.6,0.5,5.5,14,203,0
0.6,0.5,5.5,12,242,1
0.5,0.5,5.5,8,246,1
0.5,0.5,5.5,6,215,0
0.6,0.5,5.5,14,203,0
0.6,0.5,5.5,12,242,1
0.5,0.5,5.5,8,246,1
0.5,0.5,5.5,6,215,0
0.6,0.5,5.5,14,203,0
0.6,0.5,5.5,12,242,1
0.5,0.5,5.5,8,246,1
0.5,0.5,5.5,6,215,0
0.6,0.5,5.5,14,203,0
0.6,0.5,5.5,12,242,1
0.5,0.5,5.5,8,246,1
0.5,0.5,5.5,6,215,0
0.6,0.5,5.5,14,203,0
0.6,0.5,5.5,12,242,1
0.5,0.5,5.5,8,246,1
0.5,0.5,5.5,6,215,0
0.6,0.6,5.6,17,169,0
0.6,0.6,5.7,18,169,1
0.6,0.6,5.8,17,155,0
0.6,0.6,5.6,17,169,0
0.6,0.6,5.7,18,169,1
0.6,0.6,5.8,17,155,0
0.6,0.6,5.6,17,169,0
0.6,0.6,5.7,18,169,1
0.6,0.6,5.8,17,155,0
0.6,0.6,5.6,17,169,0
0.6,0.6,5.7,18,169,1
0.6,0.6,5.8,17,155,0
0.6,0.6,5.6,17,169,0
0.6,0.6,5.7,18,169,1
0.6,0.6,5.8,17,155,0
0.6,0.6,5.6,17,169,0
0.6,0.6,5.7,18,169,1
0.6,0.6,5.8,17,155,0
0.6,0.6,5.6,17,169,0
0.6,0.6,5.7,18,169,1
0.6,0.6,5.8,17,155,0
0.5,0.5,5.3,9,236,1
0.6,0.5,5.3,15,222,1
0.7,0.5,5.3,22,184,0
0.5,0.5,5.3,9,236,1
0.6,0.5,5.3,15,222,1
0.7,0.5,5.3,22,184,0
0.5,0.5,5.3,9,236,1
0.6,0.5,5.3,15,222,1
0.7,0.5,5.3,22,184,0
0.5,0.5,5.3,9,236,1
0.6,0.5,5.3,15,222,1
0.7,0.5,5.3,22,184,0
0.5,0.5,5.3,9,236,1
0.6,0.5,5.3,15,222,1
0.7,0.5,5.3,22,184,0
0.5,0.5,5.3,9,236,1
0.6,0.5,5.3,15,222,1
0.7,0.5,5.3,22,184,0
0.5,0.5,5.3,9,236,1
0.6,0.5,5.3,15,222,1
0.7,0.5,5.3,22,184,0
0.5,0.5,5.3,9,236,1
0.6,0.5,5.3,15,222,1
0.7,0.5,5.3,22,184,0
0.5,0.5,5.3,9,236,1
0.6,0.5,5.3,15,222,1
0.7,0.5,5.3,22,184,0
0.5,0.5,5.3,9,236,1
0.6,0.5,5.3,15,222,1
0.7,0.5,5.3,22,184,0
0.5,0.5,5.3,9,236,1
0.6,0.5,5.3,15,222,1
0.7,0.5,5.3,22,184,0
0.5,0.5,5.3,9,236,1
0.6,0.5,5.3,15,222,1
0.7,0.5,5.3,22,184,0
0.5,0.5,5.3,9,236,1
0.6,0.5,5.3,15,222,1
0.7,0.5,5.3,22,184,0
0.5,0.5,5.3,9,236,1
0.6,0.5,5.3,15,222,1
0.7,0.5,5.3,22,184,0
0.6,0.5,6.0,13,214,0
0.6,0.5,6.0,13,214,0
0.5,0.5,5.1,14,209,0
0.5,0.5,4.7,14,206,0
0.6,0.5,6.0,13,214,0
0.6,0.5,6.0,13,214,0
0.5,0.5,5.1,14,209,0
0.5,0.5,4.7,14,206,0
0.6,0.5,6.0,13,214,0
0.6,0.5,6.0,13,214,0
0.5,0.5,5.1,14,209,0
0.5,0.5,4.7,14,206,0
0.6,0.5,6.0,13,214,0
0.6,0.5,6.0,13,214,0
0.5,0.5,5.1,14,209,0
0.5,0.5,4.7,14,206,0
0.6,0.5,6.0,13,214,0
0.6,0.5,6.0,13,214,0
0.5,0.5,5.1,14,209,0
0.5,0.5,4.7,14,206,0
0.6,0.5,6.0,13,214,0
0.6,0.5,6.0,13,214,0
0.5,0.5,5.1,14,209,0
0.5,0.5,4.7,14,206,0
0.6,0.5,6.0,13,214,0
0.6,0.5,6.0,13,214,0
0.5,0.5,5.1,14,209,0
0.5,0.5,4.7,14,206,0
0.5,0.5,6.5,1,71,0
0.5,0.5,6.5,1,100,1
0.4,0.5,6.6,2,128,0
0.4,0.5,6.6,2,126,1
0.4,0.5,6.5,2,96,0
0.4,0.5,6.5,1,65,0
0.5,0.5,7.6,13,58,1
0.6,0.5,7.7,17,64,1
0.5,0.5,6.5,1,71,0
0.5,0.5,6.5,1,100,1
0.4,0.5,6.6,2,128,0
0.4,0.5,6.6,2,126,1
0.4,0.5,6.5,2,96,0
0.4,0.5,6.5,1,65,0
0.5,0.5,7.6,13,58,1
0.6,0.5,7.7,17,64,1
0.5,0.5,6.5,1,71,0
0.5,0.5,6.5,1,100,1
0.4,0.5,6.6,2,128,0
0.4,0.5,6.6,2,126,1
0.4,0.5,6.5,2,96,0
0.4,0.5,6.5,1,65,0
0.5,0.5,7.6,13,58,1
0.6,0.5,7.7,17,64,1
0.5,0.5,6.5,1,71,0
0.5,0.5,6.5,1,100,1
0.4,0.5,6.6,2,128,0
0.4,0.5,6.6,2,126,1
0.4,0.5,6.5,2,96,0
0.4,0.5,6.5,1,65,0
0.5,0.5,7.6,13,58,1
0.6,0.5,7.7,17,64,1
0.5,0.5,6.5,1,71,0
0.5,0.5,6.5,1,100,1
0.4,0.5,6.6,2,128,0
0.4,0.5,6.6,2,126,1
0.4,0.5,6.5,2,96,0
0.4,0.5,6.5,1,65,0
0.5,0.5,7.6,13,58,1
0.6,0.5,7.7,17,64,1
0.5,0.5,6.5,1,71,0
0.5,0.5,6.5,1,100,1
0.4,0.5,6.6,2,128,0
0.4,0.5,6.6,2,126,1
0.4,0.5,6.5,2,96,0
0.4,0.5,6.5,1,65,0
0.5,0.5,7.6,13,58,1
0.6,0.5,7.7,17,64,1
0.5,0.5,6.5,1,71,0
0.5,0.5,6.5,1,100,1
0.4,0.5,6.6,2,128,0
0.4,0.5,6.6,2,126,1
0.4,0.5,6.5,2,96,0
0.4,0.5,6.5,1,65,0
0.5,0.5,7.6,13,58,1
0.6,0.5,7.7,17,64,1
0.4,0.5,3.6,7,51,0
0.4,0.5,3.6,7,51,0
0.4,0.4,5.1,14,66,0
0.4,0.5,3.6,7,51,0
0.4,0.5,3.6,7,51,0
0.4,0.4,5.1,14,66,0
0.4,0.5,3.6,7,51,0
0.4,0.5,3.6,7,51,0
0.4,0.4,5.1,14,66,0
0.4,0.5,3.6,7,51,0
0.4,0.5,3.6,7,51,0
0.4,0.4,5.1,14,66,0
0.4,0.5,3.6,7,51,0
0.4,0.5,3.6,7,51,0
0.4,0.4,5.1,14,66,0
0.4,0.5,3.6,7,51,0
0.4,0.5,3.6,7,51,0
0.4,0.4,5.1,14,66,0
0.4,0.5,3.6,7,51,0
0.4,0.5,3.6,7,51,0
0.4,0.4,5.1,14,66,0
0.6,0.5,4.2,12,61,1
0.6,0.5,4.2,12,61,0
0.5,0.6,4.4,11,70,1
0.5,0.6,4.4,11,70,1
0.6,0.6,4.5,12,73,0
0.4,0.6,6.9,17,69,1
0.6,0.5,4.2,12,61,1
0.6,0.5,4.2,12,61,0
0.5,0.6,4.4,11,70,1
0.5,0.6,4.4,11,70,1
0.6,0.6,4.5,12,73,0
0.4,0.6,6.9,17,69,1
0.6,0.5,4.2,12,61,1
0.6,0.5,4.2,12,61,0
0.5,0.6,4.4,11,70,1
0.5,0.6,4.4,11,70,1
0.6,0.6,4.5,12,73,0
0.4,0.6,6.9,17,69,1
0.6,0.5,4.2,12,61,1
0.6,0.5,4.2,12,61,0
0.5,0.6,4.4,11,70,1
0.5,0.6,4.4,11,70,1
0.6,0.6,4.5,12,73,0
0.4,0.6,6.9,17,69,1
0.6,0.5,4.2,12,61,1
0.6,0.5,4.2,12,61,0
0.5,0.6,4.4,11,70,1
0.5,0.6,4.4,11,70,1
0.6,0.6,4.5,12,73,0
0.4,0.6,6.9,17,69,1
0.6,0.5,4.2,12,61,1
0.6,0.5,4.2,12,61,0
0.5,0.6,4.4,11,70,1
0.5,0.6,4.4,11,70,1
0.6,0.6,4.5,12,73,0
0.4,0.6,6.9,17,69,1
0.6,0.5,4.2,12,61,1
0.6,0.5,4.2,12,61,0
0.5,0.6,4.4,11,70,1
0.5,0.6,4.4,11,70,1
0.6,0.6,4.5,12,73,0
0.4,0.6,6.9,17,69,1
0.8,0.6,4.5,17,27,0
0.8,0.6,4.5,17,27,0
0.6,0.6,4.5,12,122,0
0.6,0.5,4.6,10,352,1
0.6,0.5,4.7,15,28,0
0.6,0.5,4.8,17,34,1
0.8,0.6,4.5,17,27,0
0.8,0.6,4.5,17,27,0
0.6,0.6,4.5,12,122,0
0.6,0.5,4.6,10,352,1
0.6,0.5,4.7,15,28,0
0.6,0.5,4.8,17,34,1
0.8,0.6,4.5,17,27,0
0.8,0.6,4.5,17,27,0
0.6,0.6,4.5,12,122,0
0.6,0.5,4.6,10,352,1
0.6,0.5,4.7,15,28,0
0.6,0.5,4.8,17,34,1
0.8,0.6,4.5,17,27,0
0.8,0.6,4.5,17,27,0
0.6,0.6,4.5,12,122,0
0.6,0.5,4.6,10,352,1
0.6,0.5,4.7,15,28,0
0.6,0.5,4.8,17,34,1
0.8,0.6,4.5,17,27,0
0.8,0.6,4.5,17,27,0
0.6,0.6,4.5,12,122,0
0.6,0.5,4.6,10,352,1
0.6,0.5,4.7,15,28,0
0.6,0.5,4.8,17,34,1
0.8,0.6,4.5,17,27,0
0.8,0.6,4.5,17,27,0
0.6,0.6,4.5,12,122,0
0.6,0.5,4.6,10,352,1
0.6,0.5,4.7,15,28,0
0.6,0.5,4.8,17,34,1
0.8,0.6,4.5,17,27,0
0.8,0.6,4.5,17,27,0
0.6,0.6,4.5,12,122,0
0.6,0.5,4.6,10,352,1
0.6,0.5,4.7,15,28,0
0.6,0.5,4.8,17,34,1
0.5,0.5,5.0,12,359,1
0.5,0.5,5.0,12,359,0
0.5,0.4,5.0,10,309,1
0.4,0.4,5.0,9,302,1
0.5,0.4,5.0,12,12,1
0.5,0.4,5.0,12,12,0
0.6,0.4,5.3,17,45,0
0.5,0.5,5.0,12,359,1
0.5,0.5,5.0,12,359,0
0.5,0.4,5.0,10,309,1
0.4,0.4,5.0,9,302,1
0.5,0.4,5.0,12,12,1
0.5,0.4,5.0,12,12,0
0.6,0.4,5.3,17,45,0
0.5,0.5,5.0,12,359,1
0.5,0.5,5.0,12,359,0
0.5,0.4,5.0,10,309,1
0.4,0.4,5.0,9,302,1
0.5,0.4,5.0,12,12,1
0.5,0.4,5.0,12,12,0
0.6,0.4,5.3,17,45,0
0.5,0.5,5.0,12,359,1
0.5,0.5,5.0,12,359,0
0.5,0.4,5.0,10,309,1
0.4,0.4,5.0,9,302,1
0.5,0.4,5.0,12,12,1
0.5,0.4,5.0,12,12,0
0.6,0.4,5.3,17,45,0
0.5,0.5,5.0,12,359,1
0.5,0.5,5.0,12,359,0
0.5,0.4,5.0,10,309,1
0.4,0.4,5.0,9,302,1
0.5,0.4,5.0,12,12,1
0.5,0.4,5.0,12,12,0
0.6,0.4,5.3,17,45,0
0.5,0.5,5.0,12,359,1
0.5,0.5,5.0,12,359,0
0.5,0.4,5.0,10,309,1
0.4,0.4,5.0,9,302,1
0.5,0.4,5.0,12,12,1
0.5,0.4,5.0,12,12,0
0.6,0.4,5.3,17,45,0
0.5,0.5,5.0,12,359,1
0.5,0.5,5.0,12,359,0
0.5,0.4,5.0,10,309,1
0.4,0.4,5.0,9,302,1
0.5,0.4,5.0,12,12,1
0.5,0.4,5.0,12,12,0
0.6,0.4,5.3,17,45,0
0.5,0.6,6.5,19,26,1
0.5,0.6,6.5,19,26,1
0.7,0.6,4.7,14,10,1
0.7,0.6,4.7,12,360,1
0.7,0.6,4.7,12,360,1
0.5,0.6,6.5,19,26,1
0.5,0.6,6.5,19,26,1
0.7,0.6,4.7,14,10,1
0.7,0.6,4.7,12,360,1
0.7,0.6,4.7,12,360,1
0.5,0.6,6.5,19,26,1
0.5,0.6,6.5,19,26,1
0.7,0.6,4.7,14,10,1
0.7,0.6,4.7,12,360,1
0.7,0.6,4.7,12,360,1
0.5,0.6,6.5,19,26,1
0.5,0.6,6.5,19,26,1
0.7,0.6,4.7,14,10,1
0.7,0.6,4.7,12,360,1
0.7,0.6,4.7,12,360,1
0.5,0.6,6.5,19,26,1
0.5,0.6,6.5,19,26,1
0.7,0.6,4.7,14,10,1
0.7,0.6,4.7,12,360,1
0.7,0.6,4.7,12,360,1
0.5,0.6,6.5,19,26,1
0.5,0.6,6.5,19,26,1
0.7,0.6,4.7,14,10,1
0.7,0.6,4.7,12,360,1
0.7,0.6,4.7,12,360,1
0.5,0.6,6.5,19,26,1
0.5,0.6,6.5,19,26,1
0.7,0.6,4.7,14,10,1
0.7,0.6,4.7,12,360,1
0.7,0.6,4.7,12,360,1
0.6,0.5,5.5,10,357,1
0.6,0.5,5.6,13,357,0
0.6,0.5,5.6,16,346,1
0.6,0.6,5.7,18,116,1
0.6,0.5,5.5,10,357,1
0.6,0.5,5.6,13,357,0
0.6,0.5,5.6,16,346,1
0.6,0.6,5.7,18,116,1
0.6,0.5,5.5,10,357,1
0.6,0.5,5.6,13,357,0
0.6,0.5,5.6,16,346,1
0.6,0.6,5.7,18,116,1
0.6,0.5,5.5,10,357,1
0.6,0.5,5.6,13,357,0
0.6,0.5,5.6,16,346,1
0.6,0.6,5.7,18,116,1
0.6,0.5,5.5,10,357,1
0.6,0.5,5.6,13,357,0
0.6,0.5,5.6,16,346,1
0.6,0.6,5.7,18,116,1
0.6,0.5,5.5,10,357,1
0.6,0.5,5.6,13,357,0
0.6,0.5,5.6,16,346,1
0.6,0.6,5.7,18,116,1
0.6,0.5,5.5,10,357,1
0.6,0.5,5.6,13,357,0
0.6,0.5,5.6,16,346,1
0.6,0.6,5.7,18,116,1
0.7,0.6,4.8,14,8,1
0.6,0.6,5.4,10,320,1
0.6,0.6,5.5,11,217,1
0.7,0.6,5.6,12,12,1
0.7,0.6,4.8,14,8,1
0.6,0.6,5.4,10,320,1
0.6,0.6,5.5,11,217,1
0.7,0.6,5.6,12,12,1
0.7,0.6,4.8,14,8,1
0.6,0.6,5.4,10,320,1
0.6,0.6,5.5,11,217,1
0.7,0.6,5.6,12,12,1
0.7,0.6,4.8,14,8,1
0.6,0.6,5.4,10,320,1
0.6,0.6,5.5,11,217,1
0.7,0.6,5.6,12,12,1
0.7,0.6,4.8,14,8,1
0.6,0.6,5.4,10,320,1
0.6,0.6,5.5,11,217,1
0.7,0.6,5.6,12,12,1
0.7,0.6,4.8,14,8,1
0.6,0.6,5.4,10,320,1
0.6,0.6,5.5,11,217,1
0.7,0.6,5.6,12,12,1
0.7,0.6,4.8,14,8,1
0.6,0.6,5.4,10,320,1
0.6,0.6,5.5,11,217,1
0.7,0.6,5.6,12,12,1
0.8,0.7,6.1,22,255,1
0.8,0.7,6.1,22,255,1
0.8,0.8,6.1,25,258,1
0.9,0.8,7.2,27,241,0
1.0,0.9,11.1,30,220,1
0.8,0.7,6.1,22,255,1
0.8,0.7,6.1,22,255,1
0.8,0.8,6.1,25,258,1
0.9,0.8,7.2,27,241,0
1.0,0.9,11.1,30,220,1
0.8,0.7,6.1,22,255,1
0.8,0.7,6.1,22,255,1
0.8,0.8,6.1,25,258,1
0.9,0.8,7.2,27,241,0
1.0,0.9,11.1,30,220,1
0.8,0.7,6.1,22,255,1
0.8,0.7,6.1,22,255,1
0.8,0.8,6.1,25,258,1
0.9,0.8,7.2,27,241,0
1.0,0.9,11.1,30,220,1
0.8,0.7,6.1,22,255,1
0.8,0.7,6.1,22,255,1
0.8,0.8,6.1,25,258,1
0.9,0.8,7.2,27,241,0
1.0,0.9,11.1,30,220,1
0.8,0.7,6.1,22,255,1
0.8,0.7,6.1,22,255,1
0.8,0.8,6.1,25,258,1
0.9,0.8,7.2,27,241,0
1.0,0.9,11.1,30,220,1
0.8,0.7,6.1,22,255,1
0.8,0.7,6.1,22,255,1
0.8,0.8,6.1,25,258,1
0.9,0.8,7.2,27,241,0
1.0,0.9,11.1,30,220,1
0.8,0.7,7.5,22,268,1
0.8,0.7,7.5,22,268,1
1.0,0.8,7.3,29,257,1
1.0,0.8,7.2,30,246,0
0.9,0.8,10.9,28,234,1
0.8,0.7,7.5,22,268,1
0.8,0.7,7.5,22,268,1
1.0,0.8,7.3,29,257,1
1.0,0.8,7.2,30,246,0
0.9,0.8,10.9,28,234,1
0.8,0.7,7.5,22,268,1
0.8,0.7,7.5,22,268,1
1.0,0.8,7.3,29,257,1
1.0,0.8,7.2,30,246,0
0.9,0.8,10.9,28,234,1
0.8,0.7,7.5,22,268,1
0.8,0.7,7.5,22,268,1
1.0,0.8,7.3,29,257,1
1.0,0.8,7.2,30,246,0
0.9,0.8,10.9,28,234,1
0.8,0.7,7.5,22,268,1
0.8,0.7,7.5,22,268,1
1.0,0.8,7.3,29,257,1
1.0,0.8,7.2,30,246,0
0.9,0.8,10.9,28,234,1
0.8,0.7,7.5,22,268,1
0.8,0.7,7.5,22,268,1
1.0,0.8,7.3,29,257,1
1.0,0.8,7.2,30,246,0
0.9,0.8,10.9,28,234,1
0.8,0.7,7.5,22,268,1
0.8,0.7,7.5,22,268,1
1.0,0.8,7.3,29,257,1
1.0,0.8,7.2,30,246,0
0.9,0.8,10.9,28,234,1
0.5,1.2,14.2,22,233,1
0.5,1.2,14.2,22,233,1
0.6,1.2,14.0,23,237,1
0.6,1.2,13.8,23,237,1
0.5,1.2,13.6,22,236,0
0.5,1.2,13.5,21,234,0
0.4,1.2,13.4,16,212,1
0.5,1.2,14.2,22,233,1
0.5,1.2,14.2,22,233,1
0.6,1.2,14.0,23,237,1
0.6,1.2,13.8,23,237,1
0.5,1.2,13.6,22,236,0
0.5,1.2,13.5,21,234,0
0.4,1.2,13.4,16,212,1
0.5,1.2,14.2,22,233,1
0.5,1.2,14.2,22,233,1
0.6,1.2,14.0,23,237,1
0.6,1.2,13.8,23,237,1
0.5,1.2,13.6,22,236,0
0.5,1.2,13.5,21,234,0
0.4,1.2,13.4,16,212,1
0.5,1.2,14.2,22,233,1
0.5,1.2,14.2,22,233,1
0.6,1.2,14.0,23,237,1
0.6,1.2,13.8,23,237,1
0.5,1.2,13.6,22,236,0
0.5,1.2,13.5,21,234,0
0.4,1.2,13.4,16,212,1
0.5,1.2,14.2,22,233,1
0.5,1.2,14.2,22,233,1
0.6,1.2,14.0,23,237,1
0.6,1.2,13.8,23,237,1
0.5,1.2,13.6,22,236,0
0.5,1.2,13.5,21,234,0
0.4,1.2,13.4,16,212,1
0.5,1.2,14.2,22,233,1
0.5,1.2,14.2,22,233,1
0.6,1.2,14.0,23,237,1
0.6,1.2,13.8,23,237,1
0.5,1.2,13.6,22,236,0
0.5,1.2,13.5,21,234,0
0.4,1.2,13.4,16,212,1
0.5,1.2,14.2,22,233,1
0.5,1.2,14.2,22,233,1
0.6,1.2,14.0,23,237,1
0.6,1.2,13.8,23,237,1
0.5,1.2,13.6,22,236,0
0.5,1.2,13.5,21,234,0
0.4,1.2,13.4,16,212,1
0.5,1.2,14.2,22,233,1
0.5,1.2,14.2,22,233,1
0.6,1.2,14.0,23,237,1
0.6,1.2,13.8,23,237,1
0.5,1.2,13.6,22,236,0
0.5,1.2,13.5,21,234,0
0.4,1.2,13.4,16,212,1
0.5,1.2,14.2,22,233,1
0.5,1.2,14.2,22,233,1
0.6,1.2,14.0,23,237,1
0.6,1.2,13.8,23,237,1
0.5,1.2,13.6,22,236,0
0.5,1.2,13.5,21,234,0
0.4,1.2,13.4,16,212,1
0.5,1.2,14.2,22,233,1
0.5,1.2,14.2,22,233,1
0.6,1.2,14.0,23,237,1
0.6,1.2,13.8,23,237,1
0.5,1.2,13.6,22,236,0
0.5,1.2,13.5,21,234,0
0.4,1.2,13.4,16,212,1
0.5,1.2,14.2,22,233,1
0.5,1.2,14.2,22,233,1
0.6,1.2,14.0,23,237,1
0.6,1.2,13.8,23,237,1
0.5,1.2,13.6,22,236,0
0.5,1.2,13.5,21,234,0
0.4,1.2,13.4,16,212,1
0.5,1.2,14.2,22,233,1
0.5,1.2,14.2,22,233,1
0.6,1.2,14.0,23,237,1
0.6,1.2,13.8,23,237,1
0.5,1.2,13.6,22,236,0
0.5,1.2,13.5,21,234,0
0.4,1.2,13.4,16,212,1
0.5,1.2,14.2,22,233,1
0.5,1.2,14.2,22,233,1
0.6,1.2,14.0,23,237,1
0.6,1.2,13.8,23,237,1
0.5,1.2,13.6,22,236,0
0.5,1.2,13.5,21,234,0
0.4,1.2,13.4,16,212,1
0.5,1.2,14.2,22,233,1
0.5,1.2,14.2,22,233,1
0.6,1.2,14.0,23,237,1
0.6,1.2,13.8,23,237,1
0.5,1.2,13.6,22,236,0
0.5,1.2,13.5,21,234,0
0.4,1.2,13.4,16,212,1
0.5,1.2,14.2,22,233,1
0.5,1.2,14.2,22,233,1
0.6,1.2,14.0,23,237,1
0.6,1.2,13.8,23,237,1
0.5,1.2,13.6,22,236,0
0.5,1.2,13.5,21,234,0
0.4,1.2,13.4,16,212,1
0.5,1.2,14.2,22,233,1
0.5,1.2,14.2,22,233,1
0.6,1.2,14.0,23,237,1
0.6,1.2,13.8,23,237,1
0.5,1.2,13.6,22,236,0
0.5,1.2,13.5,21,234,0
0.4,1.2,13.4,16,212,1
0.5,1.2,14.2,22,233,1
0.5,1.2,14.2,22,233,1
0.6,1.2,14.0,23,237,1
0.6,1.2,13.8,23,237,1
0.5,1.2,13.6,22,236,0
0.5,1.2,13.5,21,234,0
0.4,1.2,13.4,16,212,1
0.5,1.2,14.2,22,233,1
0.5,1.2,14.2,22,233,1
0.6,1.2,14.0,23,237,1
0.6,1.2,13.8,23,237,1
0.5,1.2,13.6,22,236,0
0.5,1.2,13.5,21,234,0
0.4,1.2,13.4,16,212,1
0.5,1.2,14.2,22,233,1
0.5,1.2,14.2,22,233,1
0.6,1.2,14.0,23,237,1
0.6,1.2,13.8,23,237,1
0.5,1.2,13.6,22,236,0
0.5,1.2,13.5,21,234,0
0.4,1.2,13.4,16,212,1
0.5,1.2,14.2,22,233,1
0.5,1.2,14.2,22,233,1
0.6,1.2,14.0,23,237,1
0.6,1.2,13.8,23,237,1
0.5,1.2,13.6,22,236,0
0.5,1.2,13.5,21,234,0
0.4,1.2,13.4,16,212,1
0.5,1.2,14.2,22,233,1
0.5,1.2,14.2,22,233,1
0.6,1.2,14.0,23,237,1
0.6,1.2,13.8,23,237,1
0.5,1.2,13.6,22,236,0
0.5,1.2,13.5,21,234,0
0.4,1.2,13.4,16,212,1
0.1,1.2,12.7,6,198,1
0.1,1.2,12.7,6,215,1
0.2,1.1,12.7,6,231,1
0.2,1.1,12.7,7,247,1
0.2,1.1,12.7,7,260,1
0.2,1.1,12.7,7,273,1
0.2,1.1,12.7,7,286,1
0.3,1.1,12.7,13,359,0
0.1,1.2,12.7,6,198,1
0.1,1.2,12.7,6,215,1
0.2,1.1,12.7,6,231,1
0.2,1.1,12.7,7,247,1
0.2,1.1,12.7,7,260,1
0.2,1.1,12.7,7,273,1
0.2,1.1,12.7,7,286,1
0.3,1.1,12.7,13,359,0
0.1,1.2,12.7,6,198,1
0.1,1.2,12.7,6,215,1
0.2,1.1,12.7,6,231,1
0.2,1.1,12.7,7,247,1
0.2,1.1,12.7,7,260,1
0.2,1.1,12.7,7,273,1
0.2,1.1,12.7,7,286,1
0.3,1.1,12.7,13,359,0
0.1,1.2,12.7,6,198,1
0.1,1.2,12.7,6,215,1
0.2,1.1,12.7,6,231,1
0.2,1.1,12.7,7,247,1
0.2,1.1,12.7,7,260,1
0.2,1.1,12.7,7,273,1
0.2,1.1,12.7,7,286,1
0.3,1.1,12.7,13,359,0
0.1,1.2,12.7,6,198,1
0.1,1.2,12.7,6,215,1
0.2,1.1,12.7,6,231,1
0.2,1.1,12.7,7,247,1
0.2,1.1,12.7,7,260,1
0.2,1.1,12.7,7,273,1
0.2,1.1,12.7,7,286,1
0.3,1.1,12.7,13,359,0
0.1,1.2,12.7,6,198,1
0.1,1.2,12.7,6,215,1
0.2,1.1,12.7,6,231,1
0.2,1.1,12.7,7,247,1
0.2,1.1,12.7,7,260,1
0.2,1.1,12.7,7,273,1
0.2,1.1,12.7,7,286,1
0.3,1.1,12.7,13,359,0
0.1,1.2,12.7,6,198,1
0.1,1.2,12.7,6,215,1
0.2,1.1,12.7,6,231,1
0.2,1.1,12.7,7,247,1
0.2,1.1,12.7,7,260,1
0.2,1.1,12.7,7,273,1
0.2,1.1,12.7,7,286,1
0.3,1.1,12.7,13,359,0
0.7,0.6,10.6,12,229,1
1.0,0.7,10.4,29,200,1
1.1,0.9,9.9,36,189,0
0.7,0.6,10.6,12,229,1
1.0,0.7,10.4,29,200,1
1.1,0.9,9.9,36,189,0
0.7,0.6,10.6,12,229,1
1.0,0.7,10.4,29,200,1
1.1,0.9,9.9,36,189,0
0.7,0.6,10.6,12,229,1
1.0,0.7,10.4,29,200,1
1.1,0.9,9.9,36,189,0
0.7,0.6,10.6,12,229,1
1.0,0.7,10.4,29,200,1
1.1,0.9,9.9,36,189,0
0.7,0.6,10.6,12,229,1
1.0,0.7,10.4,29,200,1
1.1,0.9,9.9,36,189,0
0.7,0.6,10.6,12,229,1
1.0,0.7,10.4,29,200,1
1.1,0.9,9.9,36,189,0
0.4,1.0,13.1,17,238,2
0.4,1.0,13.0,18,237,1
0.4,1.0,13.0,18,237,1
0.4,1.0,12.9,18,230,1
0.4,1.0,12.8,17,228,1
0.7,1.0,12.7,14,212,2
1.4,1.0,12.5,9,182,0
1.4,1.0,12.4,11,166,1
0.4,1.0,13.1,17,238,2
0.4,1.0,13.0,18,237,1
0.4,1.0,13.0,18,237,1
0.4,1.0,12.9,18,230,1
0.4,1.0,12.8,17,228,1
0.7,1.0,12.7,14,212,2
1.4,1.0,12.5,9,182,0
1.4,1.0,12.4,11,166,1
0.4,1.0,13.1,17,238,2
0.4,1.0,13.0,18,237,1
0.4,1.0,13.0,18,237,1
0.4,1.0,12.9,18,230,1
0.4,1.0,12.8,17,228,1
0.7,1.0,12.7,14,212,2
1.4,1.0,12.5,9,182,0
1.4,1.0,12.4,11,166,1
0.4,1.0,13.1,17,238,2
0.4,1.0,13.0,18,237,1
0.4,1.0,13.0,18,237,1
0.4,1.0,12.9,18,230,1
0.4,1.0,12.8,17,228,1
0.7,1.0,12.7,14,212,2
1.4,1.0,12.5,9,182,0
1.4,1.0,12.4,11,166,1
0.4,1.0,13.1,17,238,2
0.4,1.0,13.0,18,237,1
0.4,1.0,13.0,18,237,1
0.4,1.0,12.9,18,230,1
0.4,1.0,12.8,17,228,1
0.7,1.0,12.7,14,212,2
1.4,1.0,12.5,9,182,0
1.4,1.0,12.4,11,166,1
0.4,1.0,13.1,17,238,2
0.4,1.0,13.0,18,237,1
0.4,1.0,13.0,18,237,1
0.4,1.0,12.9,18,230,1
0.4,1.0,12.8,17,228,1
0.7,1.0,12.7,14,212,2
1.4,1.0,12.5,9,182,0
1.4,1.0,12.4,11,166,1
0.4,1.0,13.1,17,238,2
0.4,1.0,13.0,18,237,1
0.4,1.0,13.0,18,237,1
0.4,1.0,12.9,18,230,1
0.4,1.0,12.8,17,228,1
0.7,1.0,12.7,14,212,2
1.4,1.0,12.5,9,182,0
1.4,1.0,12.4,11,166,1
1.3,0.9,11.8,9,197,2
1.3,0.9,11.7,9,209,1
1.3,0.9,11.7,9,209,1
1.2,0.9,11.2,6,117,1
1.2,0.9,11.1,6,71,1
1.3,0.9,11.1,12,65,1
1.3,0.9,11.8,9,197,2
1.3,0.9,11.7,9,209,1
1.3,0.9,11.7,9,209,1
1.2,0.9,11.2,6,117,1
1.2,0.9,11.1,6,71,1
1.3,0.9,11.1,12,65,1
1.3,0.9,11.8,9,197,2
1.3,0.9,11.7,9,209,1
1.3,0.9,11.7,9,209,1
1.2,0.9,11.2,6,117,1
1.2,0.9,11.1,6,71,1
1.3,0.9,11.1,12,65,1
1.3,0.9,11.8,9,197,2
1.3,0.9,11.7,9,209,1
1.3,0.9,11.7,9,209,1
1.2,0.9,11.2,6,117,1
1.2,0.9,11.1,6,71,1
1.3,0.9,11.1,12,65,1
1.3,0.9,11.8,9,197,2
1.3,0.9,11.7,9,209,1
1.3,0.9,11.7,9,209,1
1.2,0.9,11.2,6,117,1
1.2,0.9,11.1,6,71,1
1.3,0.9,11.1,12,65,1
1.3,0.9,11.8,9,197,2
1.3,0.9,11.7,9,209,1
1.3,0.9,11.7,9,209,1
1.2,0.9,11.2,6,117,1
1.2,0.9,11.1,6,71,1
1.3,0.9,11.1,12,65,1
1.3,0.9,11.8,9,197,2
1.3,0.9,11.7,9,209,1
1.3,0.9,11.7,9,209,1
1.2,0.9,11.2,6,117,1
1.2,0.9,11.1,6,71,1
1.3,0.9,11.1,12,65,1
1.2,0.8,10.9,14,123,1
1.1,0.8,10.8,14,238,0
1.1,0.8,10.8,14,238,1
1.1,0.8,10.8,14,352,1
1.1,0.8,10.8,15,351,1
1.1,0.7,10.8,15,349,1
1.1,0.7,10.8,17,351,0
1.1,0.7,10.8,17,351,1
1.2,0.8,10.9,14,123,1
1.1,0.8,10.8,14,238,0
1.1,0.8,10.8,14,238,1
1.1,0.8,10.8,14,352,1
1.1,0.8,10.8,15,351,1
1.1,0.7,10.8,15,349,1
1.1,0.7,10.8,17,351,0
1.1,0.7,10.8,17,351,1
1.2,0.8,10.9,14,123,1
1.1,0.8,10.8,14,238,0
1.1,0.8,10.8,14,238,1
1.1,0.8,10.8,14,352,1
1.1,0.8,10.8,15,351,1
1.1,0.7,10.8,15,349,1
1.1,0.7,10.8,17,351,0
1.1,0.7,10.8,17,351,1
1.2,0.8,10.9,14,123,1
1.1,0.8,10.8,14,238,0
1.1,0.8,10.8,14,238,1
1.1,0.8,10.8,14,352,1
1.1,0.8,10.8,15,351,1
1.1,0.7,10.8,15,349,1
1.1,0.7,10.8,17,351,0
1.1,0.7,10.8,17,351,1
1.2,0.8,10.9,14,123,1
1.1,0.8,10.8,14,238,0
1.1,0.8,10.8,14,238,1
1.1,0.8,10.8,14,352,1
1.1,0.8,10.8,15,351,1
1.1,0.7,10.8,15,349,1
1.1,0.7,10.8,17,351,0
1.1,0.7,10.8,17,351,1
1.2,0.8,10.9,14,123,1
1.1,0.8,10.8,14,238,0
1.1,0.8,10.8,14,238,1
1.1,0.8,10.8,14,352,1
1.1,0.8,10.8,15,351,1
1.1,0.7,10.8,15,349,1
1.1,0.7,10.8,17,351,0
1.1,0.7,10.8,17,351,1
1.2,0.8,10.9,14,123,1
1.1,0.8,10.8,14,238,0
1.1,0.8,10.8,14,238,1
1.1,0.8,10.8,14,352,1
1.1,0.8,10.8,15,351,1
1.1,0.7,10.8,15,349,1
1.1,0.7,10.8,17,351,0
1.1,0.7,10.8,17,351,1
1.1,0.9,10.0,30,113,1
1.1,0.9,10.0,30,113,0
1.0,0.9,9.9,26,332,1
1.0,0.9,8.4,26,336,0
1.0,0.9,6.8,27,340,1
1.0,0.9,5.4,28,343,2
1.1,1.0,5.7,30,343,1
1.1,1.0,5.8,28,344,1
1.1,1.0,5.8,28,344,1
1.1,1.0,5.9,27,345,2
1.1,0.9,10.0,30,113,1
1.1,0.9,10.0,30,113,0
1.0,0.9,9.9,26,332,1
1.0,0.9,8.4,26,336,0
1.0,0.9,6.8,27,340,1
1.0,0.9,5.4,28,343,2
1.1,1.0,5.7,30,343,1
1.1,1.0,5.8,28,344,1
1.1,1.0,5.8,28,344,1
1.1,1.0,5.9,27,345,2
1.1,0.9,10.0,30,113,1
1.1,0.9,10.0,30,113,0
1.0,0.9,9.9,26,332,1
1.0,0.9,8.4,26,336,0
1.0,0.9,6.8,27,340,1
1.0,0.9,5.4,28,343,2
1.1,1.0,5.7,30,343,1
1.1,1.0,5.8,28,344,1
1.1,1.0,5.8,28,344,1
1.1,1.0,5.9,27,345,2
1.1,0.9,10.0,30,113,1
1.1,0.9,10.0,30,113,0
1.0,0.9,9.9,26,332,1
1.0,0.9,8.4,26,336,0
1.0,0.9,6.8,27,340,1
1.0,0.9,5.4,28,343,2
1.1,1.0,5.7,30,343,1
1.1,1.0,5.8,28,344,1
1.1,1.0,5.8,28,344,1
1.1,1.0,5.9,27,345,2
1.1,0.9,10.0,30,113,1
1.1,0.9,10.0,30,113,0
1.0,0.9,9.9,26,332,1
1.0,0.9,8.4,26,336,0
1.0,0.9,6.8,27,340,1
1.0,0.9,5.4,28,343,2
1.1,1.0,5.7,30,343,1
1.1,1.0,5.8,28,344,1
1.1,1.0,5.8,28,344,1
1.1,1.0,5.9,27,345,2
1.1,0.9,10.0,30,113,1
1.1,0.9,10.0,30,113,0
1.0,0.9,9.9,26,332,1
1.0,0.9,8.4,26,336,0
1.0,0.9,6.8,27,340,1
1.0,0.9,5.4,28,343,2
1.1,1.0,5.7,30,343,1
1.1,1.0,5.8,28,344,1
1.1,1.0,5.8,28,344,1
1.1,1.0,5.9,27,345,2
1.1,0.9,10.0,30,113,1
1.1,0.9,10.0,30,113,0
1.0,0.9,9.9,26,332,1
1.0,0.9,8.4,26,336,0
1.0,0.9,6.8,27,340,1
1.0,0.9,5.4,28,343,2
1.1,1.0,5.7,30,343,1
1.1,1.0,5.8,28,344,1
1.1,1.0,5.8,28,344,1
1.1,1.0,5.9,27,345,2
0.8,0.7,6.3,19,268,1
0.8,0.7,6.3,19,268,1
0.8,0.7,6.3,20,271,1
0.8,0.7,6.3,21,274,1
0.8,0.7,6.3,21,272,1
0.7,0.6,6.3,21,269,1
0.6,0.6,6.3,13,268,0
0.5,0.6,6.3,9,185,0
0.8,0.7,6.3,19,268,1
0.8,0.7,6.3,19,268,1
0.8,0.7,6.3,20,271,1
0.8,0.7,6.3,21,274,1
0.8,0.7,6.3,21,272,1
0.7,0.6,6.3,21,269,1
0.6,0.6,6.3,13,268,0
0.5,0.6,6.3,9,185,0
0.8,0.7,6.3,19,268,1
0.8,0.7,6.3,19,268,1
0.8,0.7,6.3,20,271,1
0.8,0.7,6.3,21,274,1
0.8,0.7,6.3,21,272,1
0.7,0.6,6.3,21,269,1
0.6,0.6,6.3,13,268,0
0.5,0.6,6.3,9,185,0
0.8,0.7,6.3,19,268,1
0.8,0.7,6.3,19,268,1
0.8,0.7,6.3,20,271,1
0.8,0.7,6.3,21,274,1
0.8,0.7,6.3,21,272,1
0.7,0.6,6.3,21,269,1
0.6,0.6,6.3,13,268,0
0.5,0.6,6.3,9,185,0
0.8,0.7,6.3,19,268,1
0.8,0.7,6.3,19,268,1
0.8,0.7,6.3,20,271,1
0.8,0.7,6.3,21,274,1
0.8,0.7,6.3,21,272,1
0.7,0.6,6.3,21,269,1
0.6,0.6,6.3,13,268,0
0.5,0.6,6.3,9,185,0
0.8,0.7,6.3,19,268,1
0.8,0.7,6.3,19,268,1
0.8,0.7,6.3,20,271,1
0.8,0.7,6.3,21,274,1
0.8,0.7,6.3,21,272,1
0.7,0.6,6.3,21,269,1
0.6,0.6,6.3,13,268,0
0.5,0.6,6.3,9,185,0
0.8,0.7,6.3,19,268,1
0.8,0.7,6.3,19,268,1
0.8,0.7,6.3,20,271,1
0.8,0.7,6.3,21,274,1
0.8,0.7,6.3,21,272,1
0.7,0.6,6.3,21,269,1
0.6,0.6,6.3,13,268,0
0.5,0.6,6.3,9,185,0
0.7,0.5,6.7,22,242,0
0.7,0.5,6.7,22,243,1
0.6,0.5,6.6,21,243,1
0.6,0.5,6.6,21,244,0
0.5,0.5,6.6,15,246,0
0.4,0.4,6.6,4,148,0
0.7,0.5,6.7,22,242,0
0.7,0.5,6.7,22,243,1
0.6,0.5,6.6,21,243,1
0.6,0.5,6.6,21,244,0
0.5,0.5,6.6,15,246,0
0.4,0.4,6.6,4,148,0
0.7,0.5,6.7,22,242,0
0.7,0.5,6.7,22,243,1
0.6,0.5,6.6,21,243,1
0.6,0.5,6.6,21,244,0
0.5,0.5,6.6,15,246,0
0.4,0.4,6.6,4,148,0
0.7,0.5,6.7,22,242,0
0.7,0.5,6.7,22,243,1
0.6,0.5,6.6,21,243,1
0.6,0.5,6.6,21,244,0
0.5,0.5,6.6,15,246,0
0.4,0.4,6.6,4,148,0
0.7,0.5,6.7,22,242,0
0.7,0.5,6.7,22,243,1
0.6,0.5,6.6,21,243,1
0.6,0.5,6.6,21,244,0
0.5,0.5,6.6,15,246,0
0.4,0.4,6.6,4,148,0
0.7,0.5,6.7,22,242,0
0.7,0.5,6.7,22,243,1
0.6,0.5,6.6,21,243,1
0.6,0.5,6.6,21,244,0
0.5,0.5,6.6,15,246,0
0.4,0.4,6.6,4,148,0
0.7,0.5,6.7,22,242,0
0.7,0.5,6.7,22,243,1
0.6,0.5,6.6,21,243,1
0.6,0.5,6.6,21,244,0
0.5,0.5,6.6,15,246,0
0.4,0.4,6.6,4,148,0
0.5,0.4,8.3,18,247,0
0.5,0.4,5.9,18,240,1
0.5,0.4,5.4,7,88,0
0.5,0.4,8.3,18,247,0
0.5,0.4,5.9,18,240,1
0.5,0.4,5.4,7,88,0
0.5,0.4,8.3,18,247,0
0.5,0.4,5.9,18,240,1
0.5,0.4,5.4,7,88,0
0.5,0.4,8.3,18,247,0
0.5,0.4,5.9,18,240,1
0.5,0.4,5.4,7,88,0
0.5,0.4,8.3,18,247,0
0.5,0.4,5.9,18,240,1
0.5,0.4,5.4,7,88,0
0.5,0.4,8.3,18,247,0
0.5,0.4,5.9,18,240,1
0.5,0.4,5.4,7,88,0
0.5,0.4,8.3,18,247,0
0.5,0.4,5.9,18,240,1
0.5,0.4,5.4,7,88,0
0.6,0.6,9.0,23,201,0
0.6,0.6,9.0,23,201,0
0.5,0.5,8.6,19,150,0
0.6,0.6,9.0,23,201,0
0.6,0.6,9.0,23,201,0
0.5,0.5,8.6,19,150,0
0.6,0.6,9.0,23,201,0
0.6,0.6,9.0,23,201,0
0.5,0.5,8.6,19,150,0
0.6,0.6,9.0,23,201,0
0.6,0.6,9.0,23,201,0
0.5,0.5,8.6,19,150,0
0.6,0.6,9.0,23,201,0
0.6,0.6,9.0,23,201,0
0.5,0.5,8.6,19,150,0
0.6,0.6,9.0,23,201,0
0.6,0.6,9.0,23,201,0
0.5,0.5,8.6,19,150,0
0.6,0.6,9.0,23,201,0
0.6,0.6,9.0,23,201,0
0.5,0.5,8.6,19,150,0
0.5,0.4,6.8,11,161,0
0.5,0.4,6.8,11,161,0
0.5,0.5,7.9,13,170,1
0.5,0.4,6.8,11,161,0
0.5,0.4,6.8,11,161,0
0.5,0.5,7.9,13,170,1
0.5,0.4,6.8,11,161,0
0.5,0.4,6.8,11,161,0
0.5,0.5,7.9,13,170,1
0.5,0.4,6.8,11,161,0
0.5,0.4,6.8,11,161,0
0.5,0.5,7.9,13,170,1
0.5,0.4,6.8,11,161,0
0.5,0.4,6.8,11,161,0
0.5,0.5,7.9,13,170,1
0.5,0.4,6.8,11,161,0
0.5,0.4,6.8,11,161,0
0.5,0.5,7.9,13,170,1
0.5,0.4,6.8,11,161,0
0.5,0.4,6.8,11,161,0
0.5,0.5,7.9,13,170,1
0.7,0.7,6.5,10,252,1
0.7,0.7,6.4,12,250,0
0.7,0.7,6.4,13,250,0
0.7,0.7,6.4,13,253,1
0.7,0.7,6.4,13,255,1
0.7,0.7,6.4,10,275,1
0.7,0.7,6.3,5,314,0
0.7,0.7,6.3,7,225,1
0.7,0.7,6.5,10,252,1
0.7,0.7,6.4,12,250,0
0.7,0.7,6.4,13,250,0
0.7,0.7,6.4,13,253,1
0.7,0.7,6.4,13,255,1
0.7,0.7,6.4,10,275,1
0.7,0.7,6.3,5,314,0
0.7,0.7,6.3,7,225,1
0.7,0.7,6.5,10,252,1
0.7,0.7,6.4,12,250,0
0.7,0.7,6.4,13,250,0
0.7,0.7,6.4,13,253,1
0.7,0.7,6.4,13,255,1
0.7,0.7,6.4,10,275,1
0.7,0.7,6.3,5,314,0
0.7,0.7,6.3,7,225,1
0.7,0.7,6.5,10,252,1
0.7,0.7,6.4,12,250,0
0.7,0.7,6.4,13,250,0
0.7,0.7,6.4,13,253,1
0.7,0.7,6.4,13,255,1
0.7,0.7,6.4,10,275,1
0.7,0.7,6.3,5,314,0
0.7,0.7,6.3,7,225,1
0.7,0.7,6.5,10,252,1
0.7,0.7,6.4,12,250,0
0.7,0.7,6.4,13,250,0
0.7,0.7,6.4,13,253,1
0.7,0.7,6.4,13,255,1
0.7,0.7,6.4,10,275,1
0.7,0.7,6.3,5,314,0
0.7,0.7,6.3,7,225,1
0.7,0.7,6.5,10,252,1
0.7,0.7,6.4,12,250,0
0.7,0.7,6.4,13,250,0
0.7,0.7,6.4,13,253,1
0.7,0.7,6.4,13,255,1
0.7,0.7,6.4,10,275,1
0.7,0.7,6.3,5,314,0
0.7,0.7,6.3,7,225,1
0.7,0.7,6.5,10,252,1
0.7,0.7,6.4,12,250,0
0.7,0.7,6.4,13,250,0
0.7,0.7,6.4,13,253,1
0.7,0.7,6.4,13,255,1
0.7,0.7,6.4,10,275,1
0.7,0.7,6.3,5,314,0
0.7,0.7,6.3,7,225,1
0.7,0.7,6.7,15,305,1
0.7,0.7,6.7,16,296,1
0.7,0.7,6.8,17,295,1
0.7,0.6,6.8,14,341,1
0.7,0.7,6.7,15,305,1
0.7,0.7,6.7,16,296,1
0.7,0.7,6.8,17,295,1
0.7,0.6,6.8,14,341,1
0.7,0.7,6.7,15,305,1
0.7,0.7,6.7,16,296,1
0.7,0.7,6.8,17,295,1
0.7,0.6,6.8,14,341,1
0.7,0.7,6.7,15,305,1
0.7,0.7,6.7,16,296,1
0.7,0.7,6.8,17,295,1
0.7,0.6,6.8,14,341,1
0.7,0.7,6.7,15,305,1
0.7,0.7,6.7,16,296,1
0.7,0.7,6.8,17,295,1
0.7,0.6,6.8,14,341,1
0.7,0.7,6.7,15,305,1
0.7,0.7,6.7,16,296,1
0.7,0.7,6.8,17,295,1
0.7,0.6,6.8,14,341,1
0.7,0.7,6.7,15,305,1
0.7,0.7,6.7,16,296,1
0.7,0.7,6.8,17,295,1
0.7,0.6,6.8,14,341,1
0.6,0.6,7.6,12,288,1
0.6,0.6,7.5,12,279,1
0.6,0.6,7.5,10,289,1
0.6,0.6,7.6,9,97,1
0.6,0.6,7.6,12,288,1
0.6,0.6,7.5,12,279,1
0.6,0.6,7.5,10,289,1
0.6,0.6,7.6,9,97,1
0.6,0.6,7.6,12,288,1
0.6,0.6,7.5,12,279,1
0.6,0.6,7.5,10,289,1
0.6,0.6,7.6,9,97,1
0.6,0.6,7.6,12,288,1
0.6,0.6,7.5,12,279,1
0.6,0.6,7.5,10,289,1
0.6,0.6,7.6,9,97,1
0.6,0.6,7.6,12,288,1
0.6,0.6,7.5,12,279,1
0.6,0.6,7.5,10,289,1
0.6,0.6,7.6,9,97,1
0.6,0.6,7.6,12,288,1
0.6,0.6,7.5,12,279,1
0.6,0.6,7.5,10,289,1
0.6,0.6,7.6,9,97,1
0.6,0.6,7.6,12,288,1
0.6,0.6,7.5,12,279,1
0.6,0.6,7.5,10,289,1
0.6,0.6,7.6,9,97,1
0.6,0.5,8.3,10,336,1
0.6,0.5,8.3,10,336,1
0.6,0.5,8.2,10,328,2
0.6,0.5,8.2,11,320,0
0.6,0.5,8.2,12,320,2
0.6,0.5,8.2,14,214,1
0.6,0.5,8.2,14,214,0
0.6,0.5,8.2,17,2,1
0.6,0.5,8.3,10,336,1
0.6,0.5,8.3,10,336,1
0.6,0.5,8.2,10,328,2
0.6,0.5,8.2,11,320,0
0.6,0.5,8.2,12,320,2
0.6,0.5,8.2,14,214,1
0.6,0.5,8.2,14,214,0
0.6,0.5,8.2,17,2,1
0.6,0.5,8.3,10,336,1
0.6,0.5,8.3,10,336,1
0.6,0.5,8.2,10,328,2
0.6,0.5,8.2,11,320,0
0.6,0.5,8.2,12,320,2
0.6,0.5,8.2,14,214,1
0.6,0.5,8.2,14,214,0
0.6,0.5,8.2,17,2,1
0.6,0.5,8.3,10,336,1
0.6,0.5,8.3,10,336,1
0.6,0.5,8.2,10,328,2
0.6,0.5,8.2,11,320,0
0.6,0.5,8.2,12,320,2
0.6,0.5,8.2,14,214,1
0.6,0.5,8.2,14,214,0
0.6,0.5,8.2,17,2,1
0.6,0.5,8.3,10,336,1
0.6,0.5,8.3,10,336,1
0.6,0.5,8.2,10,328,2
0.6,0.5,8.2,11,320,0
0.6,0.5,8.2,12,320,2
0.6,0.5,8.2,14,214,1
0.6,0.5,8.2,14,214,0
0.6,0.5,8.2,17,2,1
0.6,0.5,8.3,10,336,1
0.6,0.5,8.3,10,336,1
0.6,0.5,8.2,10,328,2
0.6,0.5,8.2,11,320,0
0.6,0.5,8.2,12,320,2
0.6,0.5,8.2,14,214,1
0.6,0.5,8.2,14,214,0
0.6,0.5,8.2,17,2,1
0.6,0.5,8.3,10,336,1
0.6,0.5,8.3,10,336,1
0.6,0.5,8.2,10,328,2
0.6,0.5,8.2,11,320,0
0.6,0.5,8.2,12,320,2
0.6,0.5,8.2,14,214,1
0.6,0.5,8.2,14,214,0
0.6,0.5,8.2,17,2,1
0.8,0.9,8.2,27,15,2
0.8,0.9,8.2,27,15,1
0.8,0.9,8.2,27,3,2
0.9,0.9,7.3,26,118,1
1.0,0.9,6.4,25,234,2
1.0,0.9,6.4,25,234,1
1.1,0.9,5.6,23,350,1
1.1,0.9,5.6,23,350,1
0.9,0.9,6.5,23,240,1
0.8,0.9,8.2,27,15,2
0.8,0.9,8.2,27,15,1
0.8,0.9,8.2,27,3,2
0.9,0.9,7.3,26,118,1
1.0,0.9,6.4,25,234,2
1.0,0.9,6.4,25,234,1
1.1,0.9,5.6,23,350,1
1.1,0.9,5.6,23,350,1
0.9,0.9,6.5,23,240,1
0.8,0.9,8.2,27,15,2
0.8,0.9,8.2,27,15,1
0.8,0.9,8.2,27,3,2
0.9,0.9,7.3,26,118,1
1.0,0.9,6.4,25,234,2
1.0,0.9,6.4,25,234,1
1.1,0.9,5.6,23,350,1
1.1,0.9,5.6,23,350,1
0.9,0.9,6.5,23,240,1
0.8,0.9,8.2,27,15,2
0.8,0.9,8.2,27,15,1
0.8,0.9,8.2,27,3,2
0.9,0.9,7.3,26,118,1
1.0,0.9,6.4,25,234,2
1.0,0.9,6.4,25,234,1
1.1,0.9,5.6,23,350,1
1.1,0.9,5.6,23,350,1
0.9,0.9,6.5,23,240,1
0.8,0.9,8.2,27,15,2
0.8,0.9,8.2,27,15,1
0.8,0.9,8.2,27,3,2
0.9,0.9,7.3,26,118,1
1.0,0.9,6.4,25,234,2
1.0,0.9,6.4,25,234,1
1.1,0.9,5.6,23,350,1
1.1,0.9,5.6,23,350,1
0.9,0.9,6.5,23,240,1
0.8,0.9,8.2,27,15,2
0.8,0.9,8.2,27,15,1
0.8,0.9,8.2,27,3,2
0.9,0.9,7.3,26,118,1
1.0,0.9,6.4,25,234,2
1.0,0.9,6.4,25,234,1
1.1,0.9,5.6,23,350,1
1.1,0.9,5.6,23,350,1
0.9,0.9,6.5,23,240,1
0.8,0.9,8.2,27,15,2
0.8,0.9,8.2,27,15,1
0.8,0.9,8.2,27,3,2
0.9,0.9,7.3,26,118,1
1.0,0.9,6.4,25,234,2
1.0,0.9,6.4,25,234,1
1.1,0.9,5.6,23,350,1
1.1,0.9,5.6,23,350,1
0.9,0.9,6.5,23,240,1
0.7,0.6,7.8,23,183,1
0.7,0.6,7.8,22,181,1
0.7,0.6,7.8,22,180,1
0.7,0.6,7.8,21,178,1
0.7,0.6,7.8,20,174,1
0.6,0.6,7.7,19,171,1
0.6,0.6,7.7,19,168,1
0.6,0.6,7.7,16,144,1
0.6,0.6,7.7,16,144,1
0.7,0.6,7.8,23,183,1
0.7,0.6,7.8,22,181,1
0.7,0.6,7.8,22,180,1
0.7,0.6,7.8,21,178,1
0.7,0.6,7.8,20,174,1
0.6,0.6,7.7,19,171,1
0.6,0.6,7.7,19,168,1
0.6,0.6,7.7,16,144,1
0.6,0.6,7.7,16,144,1
0.7,0.6,7.8,23,183,1
0.7,0.6,7.8,22,181,1
0.7,0.6,7.8,22,180,1
0.7,0.6,7.8,21,178,1
0.7,0.6,7.8,20,174,1
0.6,0.6,7.7,19,171,1
0.6,0.6,7.7,19,168,1
0.6,0.6,7.7,16,144,1
0.6,0.6,7.7,16,144,1
0.7,0.6,7.8,23,183,1
0.7,0.6,7.8,22,181,1
0.7,0.6,7.8,22,180,1
0.7,0.6,7.8,21,178,1
0.7,0.6,7.8,20,174,1
0.6,0.6,7.7,19,171,1
0.6,0.6,7.7,19,168,1
0.6,0.6,7.7,16,144,1
0.6,0.6,7.7,16,144,1
0.7,0.6,7.8,23,183,1
0.7,0.6,7.8,22,181,1
0.7,0.6,7.8,22,180,1
0.7,0.6,7.8,21,178,1
0.7,0.6,7.8,20,174,1
0.6,0.6,7.7,19,171,1
0.6,0.6,7.7,19,168,1
0.6,0.6,7.7,16,144,1
0.6,0.6,7.7,16,144,1
0.7,0.6,7.8,23,183,1
0.7,0.6,7.8,22,181,1
0.7,0.6,7.8,22,180,1
0.7,0.6,7.8,21,178,1
0.7,0.6,7.8,20,174,1
0.6,0.6,7.7,19,171,1
0.6,0.6,7.7,19,168,1
0.6,0.6,7.7,16,144,1
0.6,0.6,7.7,16,144,1
0.7,0.6,7.8,23,183,1
0.7,0.6,7.8,22,181,1
0.7,0.6,7.8,22,180,1
0.7,0.6,7.8,21,178,1
0.7,0.6,7.8,20,174,1
0.6,0.6,7.7,19,171,1
0.6,0.6,7.7,19,168,1
0.6,0.6,7.7,16,144,1
0.6,0.6,7.7,16,144,1
0.7,1.2,11.5,24,69,1
0.7,1.2,10.0,24,64,1
0.7,1.3,8.5,24,60,1
0.7,1.3,7.0,24,55,2
0.6,1.3,7.1,23,43,1
0.5,1.3,7.3,18,29,1
0.5,1.3,7.4,16,25,1
0.5,1.3,7.5,17,25,1
0.5,1.3,7.5,17,25,2
0.7,1.2,11.5,24,69,1
0.7,1.2,10.0,24,64,1
0.7,1.3,8.5,24,60,1
0.7,1.3,7.0,24,55,2
0.6,1.3,7.1,23,43,1
0.5,1.3,7.3,18,29,1
0.5,1.3,7.4,16,25,1
0.5,1.3,7.5,17,25,1
0.5,1.3,7.5,17,25,2
0.7,1.2,11.5,24,69,1
0.7,1.2,10.0,24,64,1
0.7,1.3,8.5,24,60,1
0.7,1.3,7.0,24,55,2
0.6,1.3,7.1,23,43,1
0.5,1.3,7.3,18,29,1
0.5,1.3,7.4,16,25,1
0.5,1.3,7.5,17,25,1
0.5,1.3,7.5,17,25,2
0.7,1.2,11.5,24,69,1
0.7,1.2,10.0,24,64,1
0.7,1.3,8.5,24,60,1
0.7,1.3,7.0,24,55,2
0.6,1.3,7.1,23,43,1
0.5,1.3,7.3,18,29,1
0.5,1.3,7.4,16,25,1
0.5,1.3,7.5,17,25,1
0.5,1.3,7.5,17,25,2
0.7,1.2,11.5,24,69,1
0.7,1.2,10.0,24,64,1
0.7,1.3,8.5,24,60,1
0.7,1.3,7.0,24,55,2
0.6,1.3,7.1,23,43,1
0.5,1.3,7.3,18,29,1
0.5,1.3,7.4,16,25,1
0.5,1.3,7.5,17,25,1
0.5,1.3,7.5,17,25,2
0.7,1.2,11.5,24,69,1
0.7,1.2,10.0,24,64,1
0.7,1.3,8.5,24,60,1
0.7,1.3,7.0,24,55,2
0.6,1.3,7.1,23,43,1
0.5,1.3,7.3,18,29,1
0.5,1.3,7.4,16,25,1
0.5,1.3,7.5,17,25,1
0.5,1.3,7.5,17,25,2
0.7,1.2,11.5,24,69,1
0.7,1.2,10.0,24,64,1
0.7,1.3,8.5,24,60,1
0.7,1.3,7.0,24,55,2
0.6,1.3,7.1,23,43,1
0.5,1.3,7.3,18,29,1
0.5,1.3,7.4,16,25,1
0.5,1.3,7.5,17,25,1
0.5,1.3,7.5,17,25,2
0.7,1.2,8.1,24,338,1
0.7,1.2,8.1,24,338,2
0.6,1.2,8.1,23,329,1
0.6,1.2,8.1,23,329,1
0.6,1.1,8.1,22,326,1
0.6,1.1,8.1,22,326,2
0.8,1.1,8.1,21,330,2
1.1,1.1,8.1,21,339,2
1.1,1.1,8.1,20,227,1
0.7,1.2,8.1,24,338,1
0.7,1.2,8.1,24,338,2
0.6,1.2,8.1,23,329,1
0.6,1.2,8.1,23,329,1
0.6,1.1,8.1,22,326,1
0.6,1.1,8.1,22,326,2
0.8,1.1,8.1,21,330,2
1.1,1.1,8.1,21,339,2
1.1,1.1,8.1,20,227,1
0.7,1.2,8.1,24,338,1
0.7,1.2,8.1,24,338,2
0.6,1.2,8.1,23,329,1
0.6,1.2,8.1,23,329,1
0.6,1.1,8.1,22,326,1
0.6,1.1,8.1,22,326,2
0.8,1.1,8.1,21,330,2
1.1,1.1,8.1,21,339,2
1.1,1.1,8.1,20,227,1
0.7,1.2,8.1,24,338,1
0.7,1.2,8.1,24,338,2
0.6,1.2,8.1,23,329,1
0.6,1.2,8.1,23,329,1
0.6,1.1,8.1,22,326,1
0.6,1.1,8.1,22,326,2
0.8,1.1,8.1,21,330,2
1.1,1.1,8.1,21,339,2
1.1,1.1,8.1,20,227,1
0.7,1.2,8.1,24,338,1
0.7,1.2,8.1,24,338,2
0.6,1.2,8.1,23,329,1
0.6,1.2,8.1,23,329,1
0.6,1.1,8.1,22,326,1
0.6,1.1,8.1,22,326,2
0.8,1.1,8.1,21,330,2
1.1,1.1,8.1,21,339,2
1.1,1.1,8.1,20,227,1
0.7,1.2,8.1,24,338,1
0.7,1.2,8.1,24,338,2
0.6,1.2,8.1,23,329,1
0.6,1.2,8.1,23,329,1
0.6,1.1,8.1,22,326,1
0.6,1.1,8.1,22,326,2
0.8,1.1,8.1,21,330,2
1.1,1.1,8.1,21,339,2
1.1,1.1,8.1,20,227,1
0.7,1.2,8.1,24,338,1
0.7,1.2,8.1,24,338,2
0.6,1.2,8.1,23,329,1
0.6,1.2,8.1,23,329,1
0.6,1.1,8.1,22,326,1
0.6,1.1,8.1,22,326,2
0.8,1.1,8.1,21,330,2
1.1,1.1,8.1,21,339,2
1.1,1.1,8.1,20,227,1
0.8,0.8,7.6,6,249,1
0.8,0.8,7.6,6,249,1
0.8,0.8,7.6,12,218,1
0.8,0.8,7.6,15,203,1
0.8,0.8,7.6,16,197,2
0.8,0.8,7.5,17,191,1
0.8,0.8,7.5,17,191,1
0.8,0.8,7.5,18,185,1
0.8,0.7,7.5,15,164,1
0.8,0.7,7.5,14,153,1
0.9,0.7,7.5,19,144,1
0.9,0.7,7.5,19,144,1
0.8,0.8,7.6,6,249,1
0.8,0.8,7.6,6,249,1
0.8,0.8,7.6,12,218,1
0.8,0.8,7.6,15,203,1
0.8,0.8,7.6,16,197,2
0.8,0.8,7.5,17,191,1
0.8,0.8,7.5,17,191,1
0.8,0.8,7.5,18,185,1
0.8,0.7,7.5,15,164,1
0.8,0.7,7.5,14,153,1
0.9,0.7,7.5,19,144,1
0.9,0.7,7.5,19,144,1
0.8,0.8,7.6,6,249,1
0.8,0.8,7.6,6,249,1
0.8,0.8,7.6,12,218,1
0.8,0.8,7.6,15,203,1
0.8,0.8,7.6,16,197,2
0.8,0.8,7.5,17,191,1
0.8,0.8,7.5,17,191,1
0.8,0.8,7.5,18,185,1
0.8,0.7,7.5,15,164,1
0.8,0.7,7.5,14,153,1
0.9,0.7,7.5,19,144,1
0.9,0.7,7.5,19,144,1
0.8,0.8,7.6,6,249,1
0.8,0.8,7.6,6,249,1
0.8,0.8,7.6,12,218,1
0.8,0.8,7.6,15,203,1
0.8,0.8,7.6,16,197,2
0.8,0.8,7.5,17,191,1
0.8,0.8,7.5,17,191,1
0.8,0.8,7.5,18,185,1
0.8,0.7,7.5,15,164,1
0.8,0.7,7.5,14,153,1
0.9,0.7,7.5,19,144,1
0.9,0.7,7.5,19,144,1
0.8,0.8,7.6,6,249,1
0.8,0.8,7.6,6,249,1
0.8,0.8,7.6,12,218,1
0.8,0.8,7.6,15,203,1
0.8,0.8,7.6,16,197,2
0.8,0.8,7.5,17,191,1
0.8,0.8,7.5,17,191,1
0.8,0.8,7.5,18,185,1
0.8,0.7,7.5,15,164,1
0.8,0.7,7.5,14,153,1
0.9,0.7,7.5,19,144,1
0.9,0.7,7.5,19,144,1
0.8,0.8,7.6,6,249,1
0.8,0.8,7.6,6,249,1
0.8,0.8,7.6,12,218,1
0.8,0.8,7.6,15,203,1
0.8,0.8,7.6,16,197,2
0.8,0.8,7.5,17,191,1
0.8,0.8,7.5,17,191,1
0.8,0.8,7.5,18,185,1
0.8,0.7,7.5,15,164,1
0.8,0.7,7.5,14,153,1
0.9,0.7,7.5,19,144,1
0.9,0.7,7.5,19,144,1
0.8,0.8,7.6,6,249,1
0.8,0.8,7.6,6,249,1
0.8,0.8,7.6,12,218,1
0.8,0.8,7.6,15,203,1
0.8,0.8,7.6,16,197,2
0.8,0.8,7.5,17,191,1
0.8,0.8,7.5,17,191,1
0.8,0.8,7.5,18,185,1
0.8,0.7,7.5,15,164,1
0.8,0.7,7.5,14,153,1
0.9,0.7,7.5,19,144,1
0.9,0.7,7.5,19,144,1
0.5,0.5,12.3,12,200,1
0.5,0.5,12.3,12,200,0
0.6,0.5,12.3,14,201,0
0.6,0.5,12.3,17,201,1
0.6,0.5,12.2,18,199,1
0.7,0.6,12.0,18,188,1
0.7,0.6,12.0,18,188,1
0.6,0.7,9.1,21,178,1
0.5,0.5,12.3,12,200,1
0.5,0.5,12.3,12,200,0
0.6,0.5,12.3,14,201,0
0.6,0.5,12.3,17,201,1
0.6,0.5,12.2,18,199,1
0.7,0.6,12.0,18,188,1
0.7,0.6,12.0,18,188,1
0.6,0.7,9.1,21,178,1
0.5,0.5,12.3,12,200,1
0.5,0.5,12.3,12,200,0
0.6,0.5,12.3,14,201,0
0.6,0.5,12.3,17,201,1
0.6,0.5,12.2,18,199,1
0.7,0.6,12.0,18,188,1
0.7,0.6,12.0,18,188,1
0.6,0.7,9.1,21,178,1
0.5,0.5,12.3,12,200,1
0.5,0.5,12.3,12,200,0
0.6,0.5,12.3,14,201,0
0.6,0.5,12.3,17,201,1
0.6,0.5,12.2,18,199,1
0.7,0.6,12.0,18,188,1
0.7,0.6,12.0,18,188,1
0.6,0.7,9.1,21,178,1
0.5,0.5,12.3,12,200,1
0.5,0.5,12.3,12,200,0
0.6,0.5,12.3,14,201,0
0.6,0.5,12.3,17,201,1
0.6,0.5,12.2,18,199,1
0.7,0.6,12.0,18,188,1
0.7,0.6,12.0,18,188,1
0.6,0.7,9.1,21,178,1
0.5,0.5,12.3,12,200,1
0.5,0.5,12.3,12,200,0
0.6,0.5,12.3,14,201,0
0.6,0.5,12.3,17,201,1
0.6,0.5,12.2,18,199,1
0.7,0.6,12.0,18,188,1
0.7,0.6,12.0,18,188,1
0.6,0.7,9.1,21,178,1
0.5,0.5,12.3,12,200,1
0.5,0.5,12.3,12,200,0
0.6,0.5,12.3,14,201,0
0.6,0.5,12.3,17,201,1
0.6,0.5,12.2,18,199,1
0.7,0.6,12.0,18,188,1
0.7,0.6,12.0,18,188,1
0.6,0.7,9.1,21,178,1
1.2,0.9,11.4,22,216,1
1.2,0.9,11.4,22,216,1
1.1,0.9,11.4,25,208,1
1.2,0.9,11.4,21,210,1
1.3,0.9,11.4,19,211,1
1.2,0.8,11.4,15,195,1
1.2,0.8,11.4,13,187,1
1.2,0.8,11.4,12,157,0
1.2,0.9,11.4,22,216,1
1.2,0.9,11.4,22,216,1
1.1,0.9,11.4,25,208,1
1.2,0.9,11.4,21,210,1
1.3,0.9,11.4,19,211,1
1.2,0.8,11.4,15,195,1
1.2,0.8,11.4,13,187,1
1.2,0.8,11.4,12,157,0
1.2,0.9,11.4,22,216,1
1.2,0.9,11.4,22,216,1
1.1,0.9,11.4,25,208,1
1.2,0.9,11.4,21,210,1
1.3,0.9,11.4,19,211,1
1.2,0.8,11.4,15,195,1
1.2,0.8,11.4,13,187,1
1.2,0.8,11.4,12,157,0
1.2,0.9,11.4,22,216,1
1.2,0.9,11.4,22,216,1
1.1,0.9,11.4,25,208,1
1.2,0.9,11.4,21,210,1
1.3,0.9,11.4,19,211,1
1.2,0.8,11.4,15,195,1
1.2,0.8,11.4,13,187,1
1.2,0.8,11.4,12,157,0
1.2,0.9,11.4,22,216,1
1.2,0.9,11.4,22,216,1
1.1,0.9,11.4,25,208,1
1.2,0.9,11.4,21,210,1
1.3,0.9,11.4,19,211,1
1.2,0.8,11.4,15,195,1
1.2,0.8,11.4,13,187,1
1.2,0.8,11.4,12,157,0
1.2,0.9,11.4,22,216,1
1.2,0.9,11.4,22,216,1
1.1,0.9,11.4,25,208,1
1.2,0.9,11.4,21,210,1
1.3,0.9,11.4,19,211,1
1.2,0.8,11.4,15,195,1
1.2,0.8,11.4,13,187,1
1.2,0.8,11.4,12,157,0
1.2,0.9,11.4,22,216,1
1.2,0.9,11.4,22,216,1
1.1,0.9,11.4,25,208,1
1.2,0.9,11.4,21,210,1
1.3,0.9,11.4,19,211,1
1.2,0.8,11.4,15,195,1
1.2,0.8,11.4,13,187,1
1.2,0.8,11.4,12,157,0
1.2,0.8,11.0,10,327,1
1.2,0.8,11.0,10,327,1
1.1,0.8,10.9,13,309,1
1.2,0.8,10.8,16,314,1
1.2,0.8,10.8,18,317,1
1.2,0.8,10.9,22,332,1
1.2,0.8,10.9,22,332,0
1.2,0.8,10.9,24,344,1
1.3,0.8,10.9,25,349,0
1.2,0.8,11.0,10,327,1
1.2,0.8,11.0,10,327,1
1.1,0.8,10.9,13,309,1
1.2,0.8,10.8,16,314,1
1.2,0.8,10.8,18,317,1
1.2,0.8,10.9,22,332,1
1.2,0.8,10.9,22,332,0
1.2,0.8,10.9,24,344,1
1.3,0.8,10.9,25,349,0
1.2,0.8,11.0,10,327,1
1.2,0.8,11.0,10,327,1
1.1,0.8,10.9,13,309,1
1.2,0.8,10.8,16,314,1
1.2,0.8,10.8,18,317,1
1.2,0.8,10.9,22,332,1
1.2,0.8,10.9,22,332,0
1.2,0.8,10.9,24,344,1
1.3,0.8,10.9,25,349,0
1.2,0.8,11.0,10,327,1
1.2,0.8,11.0,10,327,1
1.1,0.8,10.9,13,309,1
1.2,0.8,10.8,16,314,1
1.2,0.8,10.8,18,317,1
1.2,0.8,10.9,22,332,1
1.2,0.8,10.9,22,332,0
1.2,0.8,10.9,24,344,1
1.3,0.8,10.9,25,349,0
1.2,0.8,11.0,10,327,1
1.2,0.8,11.0,10,327,1
1.1,0.8,10.9,13,309,1
1.2,0.8,10.8,16,314,1
1.2,0.8,10.8,18,317,1
1.2,0.8,10.9,22,332,1
1.2,0.8,10.9,22,332,0
1.2,0.8,10.9,24,344,1
1.3,0.8,10.9,25,349,0
1.2,0.8,11.0,10,327,1
1.2,0.8,11.0,10,327,1
1.1,0.8,10.9,13,309,1
1.2,0.8,10.8,16,314,1
1.2,0.8,10.8,18,317,1
1.2,0.8,10.9,22,332,1
1.2,0.8,10.9,22,332,0
1.2,0.8,10.9,24,344,1
1.3,0.8,10.9,25,349,0
1.2,0.8,11.0,10,327,1
1.2,0.8,11.0,10,327,1
1.1,0.8,10.9,13,309,1
1.2,0.8,10.8,16,314,1
1.2,0.8,10.8,18,317,1
1.2,0.8,10.9,22,332,1
1.2,0.8,10.9,22,332,0
1.2,0.8,10.9,24,344,1
1.3,0.8,10.9,25,349,0
1.1,0.9,11.2,23,329,1
1.1,0.9,11.2,23,329,1
1.0,0.9,11.2,22,323,1
0.9,0.9,11.3,20,317,1
1.0,0.8,11.3,19,311,1
1.0,0.8,11.3,22,315,1
1.0,0.8,11.2,18,329,1
1.0,0.8,11.2,18,329,1
1.1,0.9,11.2,23,329,1
1.1,0.9,11.2,23,329,1
1.0,0.9,11.2,22,323,1
0.9,0.9,11.3,20,317,1
1.0,0.8,11.3,19,311,1
1.0,0.8,11.3,22,315,1
1.0,0.8,11.2,18,329,1
1.0,0.8,11.2,18,329,1
1.1,0.9,11.2,23,329,1
1.1,0.9,11.2,23,329,1
1.0,0.9,11.2,22,323,1
0.9,0.9,11.3,20,317,1
1.0,0.8,11.3,19,311,1
1.0,0.8,11.3,22,315,1
1.0,0.8,11.2,18,329,1
1.0,0.8,11.2,18,329,1
1.1,0.9,11.2,23,329,1
1.1,0.9,11.2,23,329,1
1.0,0.9,11.2,22,323,1
0.9,0.9,11.3,20,317,1
1.0,0.8,11.3,19,311,1
1.0,0.8,11.3,22,315,1
1.0,0.8,11.2,18,329,1
1.0,0.8,11.2,18,329,1
1.1,0.9,11.2,23,329,1
1.1,0.9,11.2,23,329,1
1.0,0.9,11.2,22,323,1
0.9,0.9,11.3,20,317,1
1.0,0.8,11.3,19,311,1
1.0,0.8,11.3,22,315,1
1.0,0.8,11.2,18,329,1
1.0,0.8,11.2,18,329,1
1.1,0.9,11.2,23,329,1
1.1,0.9,11.2,23,329,1
1.0,0.9,11.2,22,323,1
0.9,0.9,11.3,20,317,1
1.0,0.8,11.3,19,311,1
1.0,0.8,11.3,22,315,1
1.0,0.8,11.2,18,329,1
1.0,0.8,11.2,18,329,1
1.1,0.9,11.2,23,329,1
1.1,0.9,11.2,23,329,1
1.0,0.9,11.2,22,323,1
0.9,0.9,11.3,20,317,1
1.0,0.8,11.3,19,311,1
1.0,0.8,11.3,22,315,1
1.0,0.8,11.2,18,329,1
1.0,0.8,11.2,18,329,1
0.6,0.6,10.5,13,186,1
0.7,0.6,10.5,15,195,1
0.8,0.6,10.4,23,200,0
1.1,0.7,10.3,33,192,1
1.0,0.8,10.3,32,192,1
1.0,0.8,10.3,32,192,1
0.9,1.0,10.2,30,193,1
0.9,1.0,8.5,31,189,0
0.9,1.1,6.7,33,186,1
0.6,0.6,10.5,13,186,1
0.7,0.6,10.5,15,195,1
0.8,0.6,10.4,23,200,0
1.1,0.7,10.3,33,192,1
1.0,0.8,10.3,32,192,1
1.0,0.8,10.3,32,192,1
0.9,1.0,10.2,30,193,1
0.9,1.0,8.5,31,189,0
0.9,1.1,6.7,33,186,1
0.6,0.6,10.5,13,186,1
0.7,0.6,10.5,15,195,1
0.8,0.6,10.4,23,200,0
1.1,0.7,10.3,33,192,1
1.0,0.8,10.3,32,192,1
1.0,0.8,10.3,32,192,1
0.9,1.0,10.2,30,193,1
0.9,1.0,8.5,31,189,0
0.9,1.1,6.7,33,186,1
0.6,0.6,10.5,13,186,1
0.7,0.6,10.5,15,195,1
0.8,0.6,10.4,23,200,0
1.1,0.7,10.3,33,192,1
1.0,0.8,10.3,32,192,1
1.0,0.8,10.3,32,192,1
0.9,1.0,10.2,30,193,1
0.9,1.0,8.5,31,189,0
0.9,1.1,6.7,33,186,1
0.6,0.6,10.5,13,186,1
0.7,0.6,10.5,15,195,1
0.8,0.6,10.4,23,200,0
1.1,0.7,10.3,33,192,1
1.0,0.8,10.3,32,192,1
1.0,0.8,10.3,32,192,1
0.9,1.0,10.2,30,193,1
0.9,1.0,8.5,31,189,0
0.9,1.1,6.7,33,186,1
0.6,0.6,10.5,13,186,1
0.7,0.6,10.5,15,195,1
0.8,0.6,10.4,23,200,0
1.1,0.7,10.3,33,192,1
1.0,0.8,10.3,32,192,1
1.0,0.8,10.3,32,192,1
0.9,1.0,10.2,30,193,1
0.9,1.0,8.5,31,189,0
0.9,1.1,6.7,33,186,1
0.6,0.6,10.5,13,186,1
0.7,0.6,10.5,15,195,1
0.8,0.6,10.4,23,200,0
1.1,0.7,10.3,33,192,1
1.0,0.8,10.3,32,192,1
1.0,0.8,10.3,32,192,1
0.9,1.0,10.2,30,193,1
0.9,1.0,8.5,31,189,0
0.9,1.1,6.7,33,186,1
0.8,0.7,8.8,27,346,1
0.8,0.7,8.8,27,346,1
0.7,0.7,8.9,26,337,1
0.7,0.7,7.6,24,333,1
0.6,0.7,6.2,23,329,1
0.6,0.7,4.9,22,324,2
0.7,0.6,5.0,21,338,2
0.7,0.6,5.0,21,338,1
0.7,0.6,7.4,23,124,1
0.7,0.6,7.4,23,124,1
0.8,0.7,8.8,27,346,1
0.8,0.7,8.8,27,346,1
0.7,0.7,8.9,26,337,1
0.7,0.7,7.6,24,333,1
0.6,0.7,6.2,23,329,1
0.6,0.7,4.9,22,324,2
0.7,0.6,5.0,21,338,2
0.7,0.6,5.0,21,338,1
0.7,0.6,7.4,23,124,1
0.7,0.6,7.4,23,124,1
0.8,0.7,8.8,27,346,1
0.8,0.7,8.8,27,346,1
0.7,0.7,8.9,26,337,1
0.7,0.7,7.6,24,333,1
0.6,0.7,6.2,23,329,1
0.6,0.7,4.9,22,324,2
0.7,0.6,5.0,21,338,2
0.7,0.6,5.0,21,338,1
0.7,0.6,7.4,23,124,1
0.7,0.6,7.4,23,124,1
0.8,0.7,8.8,27,346,1
0.8,0.7,8.8,27,346,1
0.7,0.7,8.9,26,337,1
0.7,0.7,7.6,24,333,1
0.6,0.7,6.2,23,329,1
0.6,0.7,4.9,22,324,2
0.7,0.6,5.0,21,338,2
0.7,0.6,5.0,21,338,1
0.7,0.6,7.4,23,124,1
0.7,0.6,7.4,23,124,1
0.8,0.7,8.8,27,346,1
0.8,0.7,8.8,27,346,1
0.7,0.7,8.9,26,337,1
0.7,0.7,7.6,24,333,1
0.6,0.7,6.2,23,329,1
0.6,0.7,4.9,22,324,2
0.7,0.6,5.0,21,338,2
0.7,0.6,5.0,21,338,1
0.7,0.6,7.4,23,124,1
0.7,0.6,7.4,23,124,1
0.8,0.7,8.8,27,346,1
0.8,0.7,8.8,27,346,1
0.7,0.7,8.9,26,337,1
0.7,0.7,7.6,24,333,1
0.6,0.7,6.2,23,329,1
0.6,0.7,4.9,22,324,2
0.7,0.6,5.0,21,338,2
0.7,0.6,5.0,21,338,1
0.7,0.6,7.4,23,124,1
0.7,0.6,7.4,23,124,1
0.8,0.7,8.8,27,346,1
0.8,0.7,8.8,27,346,1
0.7,0.7,8.9,26,337,1
0.7,0.7,7.6,24,333,1
0.6,0.7,6.2,23,329,1
0.6,0.7,4.9,22,324,2
0.7,0.6,5.0,21,338,2
0.7,0.6,5.0,21,338,1
0.7,0.6,7.4,23,124,1
0.7,0.6,7.4,23,124,1
0.9,0.7,5.4,23,330,1
0.9,0.7,5.4,23,330,2
0.9,0.8,5.6,22,321,1
0.9,0.8,5.6,22,321,1
0.9,0.8,5.9,22,308,2
0.9,0.8,6.2,20,333,1
0.9,0.8,6.2,20,333,1
0.9,0.7,5.4,23,330,1
0.9,0.7,5.4,23,330,2
0.9,0.8,5.6,22,321,1
0.9,0.8,5.6,22,321,1
0.9,0.8,5.9,22,308,2
0.9,0.8,6.2,20,333,1
0.9,0.8,6.2,20,333,1
0.9,0.7,5.4,23,330,1
0.9,0.7,5.4,23,330,2
0.9,0.8,5.6,22,321,1
0.9,0.8,5.6,22,321,1
0.9,0.8,5.9,22,308,2
0.9,0.8,6.2,20,333,1
0.9,0.8,6.2,20,333,1
0.9,0.7,5.4,23,330,1
0.9,0.7,5.4,23,330,2
0.9,0.8,5.6,22,321,1
0.9,0.8,5.6,22,321,1
0.9,0.8,5.9,22,308,2
0.9,0.8,6.2,20,333,1
0.9,0.8,6.2,20,333,1
0.9,0.7,5.4,23,330,1
0.9,0.7,5.4,23,330,2
0.9,0.8,5.6,22,321,1
0.9,0.8,5.6,22,321,1
0.9,0.8,5.9,22,308,2
0.9,0.8,6.2,20,333,1
0.9,0.8,6.2,20,333,1
0.9,0.7,5.4,23,330,1
0.9,0.7,5.4,23,330,2
0.9,0.8,5.6,22,321,1
0.9,0.8,5.6,22,321,1
0.9,0.8,5.9,22,308,2
0.9,0.8,6.2,20,333,1
0.9,0.8,6.2,20,333,1
0.9,0.7,5.4,23,330,1
0.9,0.7,5.4,23,330,2
0.9,0.8,5.6,22,321,1
0.9,0.8,5.6,22,321,1
0.9,0.8,5.9,22,308,2
0.9,0.8,6.2,20,333,1
0.9,0.8,6.2,20,333,1
0.7,0.6,6.6,15,319,1
0.7,0.6,6.6,15,319,1
0.7,0.6,6.6,16,318,1
0.7,0.6,6.6,16,315,1
0.7,0.6,6.6,16,315,1
0.7,0.6,6.6,16,307,1
0.7,0.6,6.5,15,317,1
0.7,0.6,6.5,14,327,1
0.7,0.6,6.4,13,337,1
0.7,0.6,6.3,16,125,1
0.7,0.6,6.6,15,319,1
0.7,0.6,6.6,15,319,1
0.7,0.6,6.6,16,318,1
0.7,0.6,6.6,16,315,1
0.7,0.6,6.6,16,315,1
0.7,0.6,6.6,16,307,1
0.7,0.6,6.5,15,317,1
0.7,0.6,6.5,14,327,1
0.7,0.6,6.4,13,337,1
0.7,0.6,6.3,16,125,1
0.7,0.6,6.6,15,319,1
0.7,0.6,6.6,15,319,1
0.7,0.6,6.6,16,318,1
0.7,0.6,6.6,16,315,1
0.7,0.6,6.6,16,315,1
0.7,0.6,6.6,16,307,1
0.7,0.6,6.5,15,317,1
0.7,0.6,6.5,14,327,1
0.7,0.6,6.4,13,337,1
0.7,0.6,6.3,16,125,1
0.7,0.6,6.6,15,319,1
0.7,0.6,6.6,15,319,1
0.7,0.6,6.6,16,318,1
0.7,0.6,6.6,16,315,1
0.7,0.6,6.6,16,315,1
0.7,0.6,6.6,16,307,1
0.7,0.6,6.5,15,317,1
0.7,0.6,6.5,14,327,1
0.7,0.6,6.4,13,337,1
0.7,0.6,6.3,16,125,1
0.7,0.6,6.6,15,319,1
0.7,0.6,6.6,15,319,1
0.7,0.6,6.6,16,318,1
0.7,0.6,6.6,16,315,1
0.7,0.6,6.6,16,315,1
0.7,0.6,6.6,16,307,1
0.7,0.6,6.5,15,317,1
0.7,0.6,6.5,14,327,1
0.7,0.6,6.4,13,337,1
0.7,0.6,6.3,16,125,1
0.7,0.6,6.6,15,319,1
0.7,0.6,6.6,15,319,1
0.7,0.6,6.6,16,318,1
0.7,0.6,6.6,16,315,1
0.7,0.6,6.6,16,315,1
0.7,0.6,6.6,16,307,1
0.7,0.6,6.5,15,317,1
0.7,0.6,6.5,14,327,1
0.7,0.6,6.4,13,337,1
0.7,0.6,6.3,16,125,1
0.7,0.6,6.6,15,319,1
0.7,0.6,6.6,15,319,1
0.7,0.6,6.6,16,318,1
0.7,0.6,6.6,16,315,1
0.7,0.6,6.6,16,315,1
0.7,0.6,6.6,16,307,1
0.7,0.6,6.5,15,317,1
0.7,0.6,6.5,14,327,1
0.7,0.6,6.4,13,337,1
0.7,0.6,6.3,16,125,1
0.5,0.5,6.0,11,8,1
0.5,0.5,6.0,11,8,1
0.6,0.5,6.0,12,5,1
0.6,0.5,6.0,13,1,1
0.6,0.5,6.0,14,222,0
0.6,0.5,6.0,14,222,1
0.7,0.5,6.0,18,334,1
0.7,0.6,6.0,21,337,1
0.8,0.6,6.0,24,339,1
0.9,0.7,6.0,26,343,1
0.9,0.7,6.0,27,347,1
0.5,0.5,6.0,11,8,1
0.5,0.5,6.0,11,8,1
0.6,0.5,6.0,12,5,1
0.6,0.5,6.0,13,1,1
0.6,0.5,6.0,14,222,0
0.6,0.5,6.0,14,222,1
0.7,0.5,6.0,18,334,1
0.7,0.6,6.0,21,337,1
0.8,0.6,6.0,24,339,1
0.9,0.7,6.0,26,343,1
0.9,0.7,6.0,27,347,1
0.5,0.5,6.0,11,8,1
0.5,0.5,6.0,11,8,1
0.6,0.5,6.0,12,5,1
0.6,0.5,6.0,13,1,1
0.6,0.5,6.0,14,222,0
0.6,0.5,6.0,14,222,1
0.7,0.5,6.0,18,334,1
0.7,0.6,6.0,21,337,1
0.8,0.6,6.0,24,339,1
0.9,0.7,6.0,26,343,1
0.9,0.7,6.0,27,347,1
0.5,0.5,6.0,11,8,1
0.5,0.5,6.0,11,8,1
0.6,0.5,6.0,12,5,1
0.6,0.5,6.0,13,1,1
0.6,0.5,6.0,14,222,0
0.6,0.5,6.0,14,222,1
0.7,0.5,6.0,18,334,1
0.7,0.6,6.0,21,337,1
0.8,0.6,6.0,24,339,1
0.9,0.7,6.0,26,343,1
0.9,0.7,6.0,27,347,1
0.5,0.5,6.0,11,8,1
0.5,0.5,6.0,11,8,1
0.6,0.5,6.0,12,5,1
0.6,0.5,6.0,13,1,1
0.6,0.5,6.0,14,222,0
0.6,0.5,6.0,14,222,1
0.7,0.5,6.0,18,334,1
0.7,0.6,6.0,21,337,1
0.8,0.6,6.0,24,339,1
0.9,0.7,6.0,26,343,1
0.9,0.7,6.0,27,347,1
0.5,0.5,6.0,11,8,1
0.5,0.5,6.0,11,8,1
0.6,0.5,6.0,12,5,1
0.6,0.5,6.0,13,1,1
0.6,0.5,6.0,14,222,0
0.6,0.5,6.0,14,222,1
0.7,0.5,6.0,18,334,1
0.7,0.6,6.0,21,337,1
0.8,0.6,6.0,24,339,1
0.9,0.7,6.0,26,343,1
0.9,0.7,6.0,27,347,1
0.5,0.5,6.0,11,8,1
0.5,0.5,6.0,11,8,1
0.6,0.5,6.0,12,5,1
0.6,0.5,6.0,13,1,1
0.6,0.5,6.0,14,222,0
0.6,0.5,6.0,14,222,1
0.7,0.5,6.0,18,334,1
0.7,0.6,6.0,21,337,1
0.8,0.6,6.0,24,339,1
0.9,0.7,6.0,26,343,1
0.9,0.7,6.0,27,347,1
1.3,1.2,6.6,40,196,1
1.3,1.2,6.6,40,196,1
1.3,1.3,7.3,41,193,1
1.3,1.3,7.3,41,193,0
1.2,1.3,7.9,39,187,0
1.2,1.3,8.0,37,184,0
1.3,1.2,6.6,40,196,1
1.3,1.2,6.6,40,196,1
1.3,1.3,7.3,41,193,1
1.3,1.3,7.3,41,193,0
1.2,1.3,7.9,39,187,0
1.2,1.3,8.0,37,184,0
1.3,1.2,6.6,40,196,1
1.3,1.2,6.6,40,196,1
1.3,1.3,7.3,41,193,1
1.3,1.3,7.3,41,193,0
1.2,1.3,7.9,39,187,0
1.2,1.3,8.0,37,184,0
1.3,1.2,6.6,40,196,1
1.3,1.2,6.6,40,196,1
1.3,1.3,7.3,41,193,1
1.3,1.3,7.3,41,193,0
1.2,1.3,7.9,39,187,0
1.2,1.3,8.0,37,184,0
1.3,1.2,6.6,40,196,1
1.3,1.2,6.6,40,196,1
1.3,1.3,7.3,41,193,1
1.3,1.3,7.3,41,193,0
1.2,1.3,7.9,39,187,0
1.2,1.3,8.0,37,184,0
1.3,1.2,6.6,40,196,1
1.3,1.2,6.6,40,196,1
1.3,1.3,7.3,41,193,1
1.3,1.3,7.3,41,193,0
1.2,1.3,7.9,39,187,0
1.2,1.3,8.0,37,184,0
1.3,1.2,6.6,40,196,1
1.3,1.2,6.6,40,196,1
1.3,1.3,7.3,41,193,1
1.3,1.3,7.3,41,193,0
1.2,1.3,7.9,39,187,0
1.2,1.3,8.0,37,184,0
0.4,0.3,7.3,12,261,1
0.4,0.3,7.3,12,261,0
0.3,0.3,7.1,11,254,0
0.3,0.2,7.9,10,240,0
0.3,0.2,8.3,10,178,0
0.4,0.3,7.3,12,261,1
0.4,0.3,7.3,12,261,0
0.3,0.3,7.1,11,254,0
0.3,0.2,7.9,10,240,0
0.3,0.2,8.3,10,178,0
0.4,0.3,7.3,12,261,1
0.4,0.3,7.3,12,261,0
0.3,0.3,7.1,11,254,0
0.3,0.2,7.9,10,240,0
0.3,0.2,8.3,10,178,0
0.4,0.3,7.3,12,261,1
0.4,0.3,7.3,12,261,0
0.3,0.3,7.1,11,254,0
0.3,0.2,7.9,10,240,0
0.3,0.2,8.3,10,178,0
0.4,0.3,7.3,12,261,1
0.4,0.3,7.3,12,261,0
0.3,0.3,7.1,11,254,0
0.3,0.2,7.9,10,240,0
0.3,0.2,8.3,10,178,0
0.4,0.3,7.3,12,261,1
0.4,0.3,7.3,12,261,0
0.3,0.3,7.1,11,254,0
0.3,0.2,7.9,10,240,0
0.3,0.2,8.3,10,178,0
0.4,0.3,7.3,12,261,1
0.4,0.3,7.3,12,261,0
0.3,0.3,7.1,11,254,0
0.3,0.2,7.9,10,240,0
0.3,0.2,8.3,10,178,0
0.3,0.3,14.1,8,290,0
0.3,0.3,14.1,8,290,0
0.5,0.4,14.4,10,287,0
0.5,0.4,14.4,10,287,0
0.5,0.5,14.0,12,228,0
0.3,0.3,14.1,8,290,0
0.3,0.3,14.1,8,290,0
0.5,0.4,14.4,10,287,0
0.5,0.4,14.4,10,287,0
0.5,0.5,14.0,12,228,0
0.3,0.3,14.1,8,290,0
0.3,0.3,14.1,8,290,0
0.5,0.4,14.4,10,287,0
0.5,0.4,14.4,10,287,0
0.5,0.5,14.0,12,228,0
0.3,0.3,14.1,8,290,0
0.3,0.3,14.1,8,290,0
0.5,0.4,14.4,10,287,0
0.5,0.4,14.4,10,287,0
0.5,0.5,14.0,12,228,0
0.3,0.3,14.1,8,290,0
0.3,0.3,14.1,8,290,0
0.5,0.4,14.4,10,287,0
0.5,0.4,14.4,10,287,0
0.5,0.5,14.0,12,228,0
0.3,0.3,14.1,8,290,0
0.3,0.3,14.1,8,290,0
0.5,0.4,14.4,10,287,0
0.5,0.4,14.4,10,287,0
0.5,0.5,14.0,12,228,0
0.3,0.3,14.1,8,290,0
0.3,0.3,14.1,8,290,0
0.5,0.4,14.4,10,287,0
0.5,0.4,14.4,10,287,0
0.5,0.5,14.0,12,228,0
0.7,0.5,4.5,18,13,0
0.7,0.5,4.5,18,13,0
0.8,0.7,4.8,19,3,1
0.8,0.7,4.8,19,3,0
0.8,0.7,5.0,19,2,1
0.7,0.5,4.5,18,13,0
0.7,0.5,4.5,18,13,0
0.8,0.7,4.8,19,3,1
0.8,0.7,4.8,19,3,0
0.8,0.7,5.0,19,2,1
0.7,0.5,4.5,18,13,0
0.7,0.5,4.5,18,13,0
0.8,0.7,4.8,19,3,1
0.8,0.7,4.8,19,3,0
0.8,0.7,5.0,19,2,1
0.7,0.5,4.5,18,13,0
0.7,0.5,4.5,18,13,0
0.8,0.7,4.8,19,3,1
0.8,0.7,4.8,19,3,0
0.8,0.7,5.0,19,2,1
0.7,0.5,4.5,18,13,0
0.7,0.5,4.5,18,13,0
0.8,0.7,4.8,19,3,1
0.8,0.7,4.8,19,3,0
0.8,0.7,5.0,19,2,1
0.7,0.5,4.5,18,13,0
0.7,0.5,4.5,18,13,0
0.8,0.7,4.8,19,3,1
0.8,0.7,4.8,19,3,0
0.8,0.7,5.0,19,2,1
0.7,0.5,4.5,18,13,0
0.7,0.5,4.5,18,13,0
0.8,0.7,4.8,19,3,1
0.8,0.7,4.8,19,3,0
0.8,0.7,5.0,19,2,1
1.0,0.8,5.6,23,359,2
1.0,0.8,5.6,23,359,1
1.0,0.9,5.7,22,357,1
1.0,0.9,5.7,22,356,1
1.0,0.9,5.8,22,355,0
1.0,0.9,5.8,22,354,1
1.0,0.9,5.9,22,355,1
1.0,0.9,5.9,21,357,2
1.0,0.9,6.0,21,243,1
1.0,0.8,5.6,23,359,2
1.0,0.8,5.6,23,359,1
1.0,0.9,5.7,22,357,1
1.0,0.9,5.7,22,356,1
1.0,0.9,5.8,22,355,0
1.0,0.9,5.8,22,354,1
1.0,0.9,5.9,22,355,1
1.0,0.9,5.9,21,357,2
1.0,0.9,6.0,21,243,1
1.0,0.8,5.6,23,359,2
1.0,0.8,5.6,23,359,1
1.0,0.9,5.7,22,357,1
1.0,0.9,5.7,22,356,1
1.0,0.9,5.8,22,355,0
1.0,0.9,5.8,22,354,1
1.0,0.9,5.9,22,355,1
1.0,0.9,5.9,21,357,2
1.0,0.9,6.0,21,243,1
1.0,0.8,5.6,23,359,2
1.0,0.8,5.6,23,359,1
1.0,0.9,5.7,22,357,1
1.0,0.9,5.7,22,356,1
1.0,0.9,5.8,22,355,0
1.0,0.9,5.8,22,354,1
1.0,0.9,5.9,22,355,1
1.0,0.9,5.9,21,357,2
1.0,0.9,6.0,21,243,1
1.0,0.8,5.6,23,359,2
1.0,0.8,5.6,23,359,1
1.0,0.9,5.7,22,357,1
1.0,0.9,5.7,22,356,1
1.0,0.9,5.8,22,355,0
1.0,0.9,5.8,22,354,1
1.0,0.9,5.9,22,355,1
1.0,0.9,5.9,21,357,2
1.0,0.9,6.0,21,243,1
1.0,0.8,5.6,23,359,2
1.0,0.8,5.6,23,359,1
1.0,0.9,5.7,22,357,1
1.0,0.9,5.7,22,356,1
1.0,0.9,5.8,22,355,0
1.0,0.9,5.8,22,354,1
1.0,0.9,5.9,22,355,1
1.0,0.9,5.9,21,357,2
1.0,0.9,6.0,21,243,1
1.0,0.8,5.6,23,359,2
1.0,0.8,5.6,23,359,1
1.0,0.9,5.7,22,357,1
1.0,0.9,5.7,22,356,1
1.0,0.9,5.8,22,355,0
1.0,0.9,5.8,22,354,1
1.0,0.9,5.9,22,355,1
1.0,0.9,5.9,21,357,2
1.0,0.9,6.0,21,243,1
1.1,0.9,6.1,23,347,2
1.1,0.9,6.1,23,347,1
1.0,0.9,6.2,21,343,2
1.0,0.9,6.2,21,343,2
1.1,1.0,6.4,21,343,1
1.1,1.0,6.5,22,345,1
1.1,1.0,6.6,22,349,2
1.1,1.0,6.7,21,355,1
1.1,1.0,6.8,22,121,1
1.1,0.9,6.1,23,347,2
1.1,0.9,6.1,23,347,1
1.0,0.9,6.2,21,343,2
1.0,0.9,6.2,21,343,2
1.1,1.0,6.4,21,343,1
1.1,1.0,6.5,22,345,1
1.1,1.0,6.6,22,349,2
1.1,1.0,6.7,21,355,1
1.1,1.0,6.8,22,121,1
1.1,0.9,6.1,23,347,2
1.1,0.9,6.1,23,347,1
1.0,0.9,6.2,21,343,2
1.0,0.9,6.2,21,343,2
1.1,1.0,6.4,21,343,1
1.1,1.0,6.5,22,345,1
1.1,1.0,6.6,22,349,2
1.1,1.0,6.7,21,355,1
1.1,1.0,6.8,22,121,1
1.1,0.9,6.1,23,347,2
1.1,0.9,6.1,23,347,1
1.0,0.9,6.2,21,343,2
1.0,0.9,6.2,21,343,2
1.1,1.0,6.4,21,343,1
1.1,1.0,6.5,22,345,1
1.1,1.0,6.6,22,349,2
1.1,1.0,6.7,21,355,1
1.1,1.0,6.8,22,121,1
1.1,0.9,6.1,23,347,2
1.1,0.9,6.1,23,347,1
1.0,0.9,6.2,21,343,2
1.0,0.9,6.2,21,343,2
1.1,1.0,6.4,21,343,1
1.1,1.0,6.5,22,345,1
1.1,1.0,6.6,22,349,2
1.1,1.0,6.7,21,355,1
1.1,1.0,6.8,22,121,1
1.1,0.9,6.1,23,347,2
1.1,0.9,6.1,23,347,1
1.0,0.9,6.2,21,343,2
1.0,0.9,6.2,21,343,2
1.1,1.0,6.4,21,343,1
1.1,1.0,6.5,22,345,1
1.1,1.0,6.6,22,349,2
1.1,1.0,6.7,21,355,1
1.1,1.0,6.8,22,121,1
1.1,0.9,6.1,23,347,2
1.1,0.9,6.1,23,347,1
1.0,0.9,6.2,21,343,2
1.0,0.9,6.2,21,343,2
1.1,1.0,6.4,21,343,1
1.1,1.0,6.5,22,345,1
1.1,1.0,6.6,22,349,2
1.1,1.0,6.7,21,355,1
1.1,1.0,6.8,22,121,1
0.5,1.0,7.2,18,323,1
0.5,1.0,7.2,18,323,1
0.6,1.1,7.3,22,304,0
1.3,1.1,7.4,32,295,1
1.2,1.1,7.5,31,291,2
1.2,1.1,7.5,31,291,1
1.2,1.1,7.5,31,289,1
1.2,1.1,7.5,31,289,1
0.5,1.0,7.2,18,323,1
0.5,1.0,7.2,18,323,1
0.6,1.1,7.3,22,304,0
1.3,1.1,7.4,32,295,1
1.2,1.1,7.5,31,291,2
1.2,1.1,7.5,31,291,1
1.2,1.1,7.5,31,289,1
1.2,1.1,7.5,31,289,1
0.5,1.0,7.2,18,323,1
0.5,1.0,7.2,18,323,1
0.6,1.1,7.3,22,304,0
1.3,1.1,7.4,32,295,1
1.2,1.1,7.5,31,291,2
1.2,1.1,7.5,31,291,1
1.2,1.1,7.5,31,289,1
1.2,1.1,7.5,31,289,1
0.5,1.0,7.2,18,323,1
0.5,1.0,7.2,18,323,1
0.6,1.1,7.3,22,304,0
1.3,1.1,7.4,32,295,1
1.2,1.1,7.5,31,291,2
1.2,1.1,7.5,31,291,1
1.2,1.1,7.5,31,289,1
1.2,1.1,7.5,31,289,1
0.5,1.0,7.2,18,323,1
0.5,1.0,7.2,18,323,1
0.6,1.1,7.3,22,304,0
1.3,1.1,7.4,32,295,1
1.2,1.1,7.5,31,291,2
1.2,1.1,7.5,31,291,1
1.2,1.1,7.5,31,289,1
1.2,1.1,7.5,31,289,1
0.5,1.0,7.2,18,323,1
0.5,1.0,7.2,18,323,1
0.6,1.1,7.3,22,304,0
1.3,1.1,7.4,32,295,1
1.2,1.1,7.5,31,291,2
1.2,1.1,7.5,31,291,1
1.2,1.1,7.5,31,289,1
1.2,1.1,7.5,31,289,1
0.5,1.0,7.2,18,323,1
0.5,1.0,7.2,18,323,1
0.6,1.1,7.3,22,304,0
1.3,1.1,7.4,32,295,1
1.2,1.1,7.5,31,291,2
1.2,1.1,7.5,31,291,1
1.2,1.1,7.5,31,289,1
1.2,1.1,7.5,31,289,1
0.9,0.7,10.3,23,296,0
0.9,0.7,10.3,23,296,0
0.9,0.7,10.1,28,284,0
0.9,0.7,10.3,23,296,0
0.9,0.7,10.3,23,296,0
0.9,0.7,10.1,28,284,0
0.9,0.7,10.3,23,296,0
0.9,0.7,10.3,23,296,0
0.9,0.7,10.1,28,284,0
0.9,0.7,10.3,23,296,0
0.9,0.7,10.3,23,296,0
0.9,0.7,10.1,28,284,0
0.9,0.7,10.3,23,296,0
0.9,0.7,10.3,23,296,0
0.9,0.7,10.1,28,284,0
0.9,0.7,10.3,23,296,0
0.9,0.7,10.3,23,296,0
0.9,0.7,10.1,28,284,0
0.9,0.7,10.3,23,296,0
0.9,0.7,10.3,23,296,0
0.9,0.7,10.1,28,284,0
0.7,0.6,9.1,21,248,0
0.7,0.6,9.1,21,248,0
0.6,0.6,11.1,18,250,1
0.6,0.6,11.9,17,256,0
0.5,0.6,11.9,14,238,0
0.7,0.6,9.1,21,248,0
0.7,0.6,9.1,21,248,0
0.6,0.6,11.1,18,250,1
0.6,0.6,11.9,17,256,0
0.5,0.6,11.9,14,238,0
0.7,0.6,9.1,21,248,0
0.7,0.6,9.1,21,248,0
0.6,0.6,11.1,18,250,1
0.6,0.6,11.9,17,256,0
0.5,0.6,11.9,14,238,0
0.7,0.6,9.1,21,248,0
0.7,0.6,9.1,21,248,0
0.6,0.6,11.1,18,250,1
0.6,0.6,11.9,17,256,0
0.5,0.6,11.9,14,238,0
0.7,0.6,9.1,21,248,0
0.7,0.6,9.1,21,248,0
0.6,0.6,11.1,18,250,1
0.6,0.6,11.9,17,256,0
0.5,0.6,11.9,14,238,0
0.7,0.6,9.1,21,248,0
0.7,0.6,9.1,21,248,0
0.6,0.6,11.1,18,250,1
0.6,0.6,11.9,17,256,0
0.5,0.6,11.9,14,238,0
0.7,0.6,9.1,21,248,0
0.7,0.6,9.1,21,248,0
0.6,0.6,11.1,18,250,1
0.6,0.6,11.9,17,256,0
0.5,0.6,11.9,14,238,0
0.8,0.7,11.6,20,226,0
0.8,0.7,11.6,20,226,0
1.0,0.9,15.0,18,198,1
1.0,0.9,15.0,18,198,1
0.8,0.7,11.6,20,226,0
0.8,0.7,11.6,20,226,0
1.0,0.9,15.0,18,198,1
1.0,0.9,15.0,18,198,1
0.8,0.7,11.6,20,226,0
0.8,0.7,11.6,20,226,0
1.0,0.9,15.0,18,198,1
1.0,0.9,15.0,18,198,1
0.8,0.7,11.6,20,226,0
0.8,0.7,11.6,20,226,0
1.0,0.9,15.0,18,198,1
1.0,0.9,15.0,18,198,1
0.8,0.7,11.6,20,226,0
0.8,0.7,11.6,20,226,0
1.0,0.9,15.0,18,198,1
1.0,0.9,15.0,18,198,1
0.8,0.7,11.6,20,226,0
0.8,0.7,11.6,20,226,0
1.0,0.9,15.0,18,198,1
1.0,0.9,15.0,18,198,1
0.8,0.7,11.6,20,226,0
0.8,0.7,11.6,20,226,0
1.0,0.9,15.0,18,198,1
1.0,0.9,15.0,18,198,1
0.7,0.6,11.2,22,323,1
0.7,0.6,11.2,22,323,0
0.7,0.6,11.2,22,324,0
0.7,0.6,11.0,22,326,0
0.7,0.6,10.9,22,328,1
0.7,0.6,10.8,21,331,0
0.7,0.6,11.2,22,323,1
0.7,0.6,11.2,22,323,0
0.7,0.6,11.2,22,324,0
0.7,0.6,11.0,22,326,0
0.7,0.6,10.9,22,328,1
0.7,0.6,10.8,21,331,0
0.7,0.6,11.2,22,323,1
0.7,0.6,11.2,22,323,0
0.7,0.6,11.2,22,324,0
0.7,0.6,11.0,22,326,0
0.7,0.6,10.9,22,328,1
0.7,0.6,10.8,21,331,0
0.7,0.6,11.2,22,323,1
0.7,0.6,11.2,22,323,0
0.7,0.6,11.2,22,324,0
0.7,0.6,11.0,22,326,0
0.7,0.6,10.9,22,328,1
0.7,0.6,10.8,21,331,0
0.7,0.6,11.2,22,323,1
0.7,0.6,11.2,22,323,0
0.7,0.6,11.2,22,324,0
0.7,0.6,11.0,22,326,0
0.7,0.6,10.9,22,328,1
0.7,0.6,10.8,21,331,0
0.7,0.6,11.2,22,323,1
0.7,0.6,11.2,22,323,0
0.7,0.6,11.2,22,324,0
0.7,0.6,11.0,22,326,0
0.7,0.6,10.9,22,328,1
0.7,0.6,10.8,21,331,0
0.7,0.6,11.2,22,323,1
0.7,0.6,11.2,22,323,0
0.7,0.6,11.2,22,324,0
0.7,0.6,11.0,22,326,0
0.7,0.6,10.9,22,328,1
0.7,0.6,10.8,21,331,0
0.7,0.6,11.7,24,166,0
0.7,0.6,11.7,24,166,1
0.7,0.7,9.5,24,168,0
0.7,0.8,9.5,25,158,0
0.7,0.6,11.7,24,166,0
0.7,0.6,11.7,24,166,1
0.7,0.7,9.5,24,168,0
0.7,0.8,9.5,25,158,0
0.7,0.6,11.7,24,166,0
0.7,0.6,11.7,24,166,1
0.7,0.7,9.5,24,168,0
0.7,0.8,9.5,25,158,0
0.7,0.6,11.7,24,166,0
0.7,0.6,11.7,24,166,1
0.7,0.7,9.5,24,168,0
0.7,0.8,9.5,25,158,0
0.7,0.6,11.7,24,166,0
0.7,0.6,11.7,24,166,1
0.7,0.7,9.5,24,168,0
0.7,0.8,9.5,25,158,0
0.7,0.6,11.7,24,166,0
0.7,0.6,11.7,24,166,1
0.7,0.7,9.5,24,168,0
0.7,0.8,9.5,25,158,0
0.7,0.6,11.7,24,166,0
0.7,0.6,11.7,24,166,1
0.7,0.7,9.5,24,168,0
0.7,0.8,9.5,25,158,0
0.7,0.6,12.3,15,189,0
0.7,0.6,12.3,15,189,1
0.7,0.6,12.7,15,190,0
0.8,0.7,13.0,16,182,0
0.7,0.6,12.3,15,189,0
0.7,0.6,12.3,15,189,1
0.7,0.6,12.7,15,190,0
0.8,0.7,13.0,16,182,0
0.7,0.6,12.3,15,189,0
0.7,0.6,12.3,15,189,1
0.7,0.6,12.7,15,190,0
0.8,0.7,13.0,16,182,0
0.7,0.6,12.3,15,189,0
0.7,0.6,12.3,15,189,1
0.7,0.6,12.7,15,190,0
0.8,0.7,13.0,16,182,0
0.7,0.6,12.3,15,189,0
0.7,0.6,12.3,15,189,1
0.7,0.6,12.7,15,190,0
0.8,0.7,13.0,16,182,0
0.7,0.6,12.3,15,189,0
0.7,0.6,12.3,15,189,1
0.7,0.6,12.7,15,190,0
0.8,0.7,13.0,16,182,0
0.7,0.6,12.3,15,189,0
0.7,0.6,12.3,15,189,1
0.7,0.6,12.7,15,190,0
0.8,0.7,13.0,16,182,0
0.7,0.6,11.7,12,196,1
0.7,0.6,11.7,12,196,0
0.6,0.6,11.6,12,200,0
0.6,0.6,10.8,8,159,0
0.6,0.6,10.8,8,159,0
0.6,0.5,10.7,12,97,0
0.6,0.5,10.7,12,97,0
0.7,0.6,11.7,12,196,1
0.7,0.6,11.7,12,196,0
0.6,0.6,11.6,12,200,0
0.6,0.6,10.8,8,159,0
0.6,0.6,10.8,8,159,0
0.6,0.5,10.7,12,97,0
0.6,0.5,10.7,12,97,0
0.7,0.6,11.7,12,196,1
0.7,0.6,11.7,12,196,0
0.6,0.6,11.6,12,200,0
0.6,0.6,10.8,8,159,0
0.6,0.6,10.8,8,159,0
0.6,0.5,10.7,12,97,0
0.6,0.5,10.7,12,97,0
0.7,0.6,11.7,12,196,1
0.7,0.6,11.7,12,196,0
0.6,0.6,11.6,12,200,0
0.6,0.6,10.8,8,159,0
0.6,0.6,10.8,8,159,0
0.6,0.5,10.7,12,97,0
0.6,0.5,10.7,12,97,0
0.7,0.6,11.7,12,196,1
0.7,0.6,11.7,12,196,0
0.6,0.6,11.6,12,200,0
0.6,0.6,10.8,8,159,0
0.6,0.6,10.8,8,159,0
0.6,0.5,10.7,12,97,0
0.6,0.5,10.7,12,97,0
0.7,0.6,11.7,12,196,1
0.7,0.6,11.7,12,196,0
0.6,0.6,11.6,12,200,0
0.6,0.6,10.8,8,159,0
0.6,0.6,10.8,8,159,0
0.6,0.5,10.7,12,97,0
0.6,0.5,10.7,12,97,0
0.7,0.6,11.7,12,196,1
0.7,0.6,11.7,12,196,0
0.6,0.6,11.6,12,200,0
0.6,0.6,10.8,8,159,0
0.6,0.6,10.8,8,159,0
0.6,0.5,10.7,12,97,0
0.6,0.5,10.7,12,97,0
0.6,0.6,8.1,19,52,1
0.6,0.6,8.1,19,52,0
0.7,0.7,4.8,19,52,0
0.7,0.8,5.0,20,42,1
0.8,0.8,5.3,21,42,1
0.6,0.6,8.1,19,52,1
0.6,0.6,8.1,19,52,0
0.7,0.7,4.8,19,52,0
0.7,0.8,5.0,20,42,1
0.8,0.8,5.3,21,42,1
0.6,0.6,8.1,19,52,1
0.6,0.6,8.1,19,52,0
0.7,0.7,4.8,19,52,0
0.7,0.8,5.0,20,42,1
0.8,0.8,5.3,21,42,1
0.6,0.6,8.1,19,52,1
0.6,0.6,8.1,19,52,0
0.7,0.7,4.8,19,52,0
0.7,0.8,5.0,20,42,1
0.8,0.8,5.3,21,42,1
0.6,0.6,8.1,19,52,1
0.6,0.6,8.1,19,52,0
0.7,0.7,4.8,19,52,0
0.7,0.8,5.0,20,42,1
0.8,0.8,5.3,21,42,1
0.6,0.6,8.1,19,52,1
0.6,0.6,8.1,19,52,0
0.7,0.7,4.8,19,52,0
0.7,0.8,5.0,20,42,1
0.8,0.8,5.3,21,42,1
0.6,0.6,8.1,19,52,1
0.6,0.6,8.1,19,52,0
0.7,0.7,4.8,19,52,0
0.7,0.8,5.0,20,42,1
0.8,0.8,5.3,21,42,1
0.8,0.8,8.3,11,260,2
0.8,0.8,8.3,11,260,2
0.8,0.8,8.3,13,264,1
0.8,0.8,8.3,15,267,2
0.8,0.8,8.3,13,274,2
0.8,0.7,8.2,11,280,1
0.8,0.7,8.2,9,287,2
0.8,0.7,8.2,8,284,1
0.8,0.7,7.9,8,121,1
0.8,0.7,7.9,8,121,1
0.8,0.8,8.3,11,260,2
0.8,0.8,8.3,11,260,2
0.8,0.8,8.3,13,264,1
0.8,0.8,8.3,15,267,2
0.8,0.8,8.3,13,274,2
0.8,0.7,8.2,11,280,1
0.8,0.7,8.2,9,287,2
0.8,0.7,8.2,8,284,1
0.8,0.7,7.9,8,121,1
0.8,0.7,7.9,8,121,1
0.8,0.8,8.3,11,260,2
0.8,0.8,8.3,11,260,2
0.8,0.8,8.3,13,264,1
0.8,0.8,8.3,15,267,2
0.8,0.8,8.3,13,274,2
0.8,0.7,8.2,11,280,1
0.8,0.7,8.2,9,287,2
0.8,0.7,8.2,8,284,1
0.8,0.7,7.9,8,121,1
0.8,0.7,7.9,8,121,1
0.8,0.8,8.3,11,260,2
0.8,0.8,8.3,11,260,2
0.8,0.8,8.3,13,264,1
0.8,0.8,8.3,15,267,2
0.8,0.8,8.3,13,274,2
0.8,0.7,8.2,11,280,1
0.8,0.7,8.2,9,287,2
0.8,0.7,8.2,8,284,1
0.8,0.7,7.9,8,121,1
0.8,0.7,7.9,8,121,1
0.8,0.8,8.3,11,260,2
0.8,0.8,8.3,11,260,2
0.8,0.8,8.3,13,264,1
0.8,0.8,8.3,15,267,2
0.8,0.8,8.3,13,274,2
0.8,0.7,8.2,11,280,1
0.8,0.7,8.2,9,287,2
0.8,0.7,8.2,8,284,1
0.8,0.7,7.9,8,121,1
0.8,0.7,7.9,8,121,1
0.8,0.8,8.3,11,260,2
0.8,0.8,8.3,11,260,2
0.8,0.8,8.3,13,264,1
0.8,0.8,8.3,15,267,2
0.8,0.8,8.3,13,274,2
0.8,0.7,8.2,11,280,1
0.8,0.7,8.2,9,287,2
0.8,0.7,8.2,8,284,1
0.8,0.7,7.9,8,121,1
0.8,0.7,7.9,8,121,1
0.8,0.8,8.3,11,260,2
0.8,0.8,8.3,11,260,2
0.8,0.8,8.3,13,264,1
0.8,0.8,8.3,15,267,2
0.8,0.8,8.3,13,274,2
0.8,0.7,8.2,11,280,1
0.8,0.7,8.2,9,287,2
0.8,0.7,8.2,8,284,1
0.8,0.7,7.9,8,121,1
0.8,0.7,7.9,8,121,1
0.9,0.6,7.1,15,324,1
0.9,0.6,7.1,15,324,1
0.8,0.6,7.1,15,321,1
0.8,0.6,7.0,15,317,1
0.8,0.6,7.0,14,316,0
0.8,0.5,6.9,13,314,1
0.8,0.5,6.9,13,314,1
0.8,0.5,6.9,12,313,0
0.8,0.5,6.9,11,328,0
0.8,0.5,6.8,13,145,0
0.8,0.5,6.8,13,145,0
0.9,0.6,7.1,15,324,1
0.9,0.6,7.1,15,324,1
0.8,0.6,7.1,15,321,1
0.8,0.6,7.0,15,317,1
0.8,0.6,7.0,14,316,0
0.8,0.5,6.9,13,314,1
0.8,0.5,6.9,13,314,1
0.8,0.5,6.9,12,313,0
0.8,0.5,6.9,11,328,0
0.8,0.5,6.8,13,145,0
0.8,0.5,6.8,13,145,0
0.9,0.6,7.1,15,324,1
0.9,0.6,7.1,15,324,1
0.8,0.6,7.1,15,321,1
0.8,0.6,7.0,15,317,1
0.8,0.6,7.0,14,316,0
0.8,0.5,6.9,13,314,1
0.8,0.5,6.9,13,314,1
0.8,0.5,6.9,12,313,0
0.8,0.5,6.9,11,328,0
0.8,0.5,6.8,13,145,0
0.8,0.5,6.8,13,145,0
0.9,0.6,7.1,15,324,1
0.9,0.6,7.1,15,324,1
0.8,0.6,7.1,15,321,1
0.8,0.6,7.0,15,317,1
0.8,0.6,7.0,14,316,0
0.8,0.5,6.9,13,314,1
0.8,0.5,6.9,13,314,1
0.8,0.5,6.9,12,313,0
0.8,0.5,6.9,11,328,0
0.8,0.5,6.8,13,145,0
0.8,0.5,6.8,13,145,0
0.9,0.6,7.1,15,324,1
0.9,0.6,7.1,15,324,1
0.8,0.6,7.1,15,321,1
0.8,0.6,7.0,15,317,1
0.8,0.6,7.0,14,316,0
0.8,0.5,6.9,13,314,1
0.8,0.5,6.9,13,314,1
0.8,0.5,6.9,12,313,0
0.8,0.5,6.9,11,328,0
0.8,0.5,6.8,13,145,0
0.8,0.5,6.8,13,145,0
0.9,0.6,7.1,15,324,1
0.9,0.6,7.1,15,324,1
0.8,0.6,7.1,15,321,1
0.8,0.6,7.0,15,317,1
0.8,0.6,7.0,14,316,0
0.8,0.5,6.9,13,314,1
0.8,0.5,6.9,13,314,1
0.8,0.5,6.9,12,313,0
0.8,0.5,6.9,11,328,0
0.8,0.5,6.8,13,145,0
0.8,0.5,6.8,13,145,0
0.9,0.6,7.1,15,324,1
0.9,0.6,7.1,15,324,1
0.8,0.6,7.1,15,321,1
0.8,0.6,7.0,15,317,1
0.8,0.6,7.0,14,316,0
0.8,0.5,6.9,13,314,1
0.8,0.5,6.9,13,314,1
0.8,0.5,6.9,12,313,0
0.8,0.5,6.9,11,328,0
0.8,0.5,6.8,13,145,0
0.8,0.5,6.8,13,145,0
0.8,0.5,8.0,10,181,0
0.8,0.5,8.0,10,181,0
0.8,0.6,8.1,11,151,1
0.8,0.6,8.1,9,164,0
0.8,0.6,8.0,8,90,0
0.8,0.6,8.0,11,65,1
0.8,0.5,8.0,10,181,0
0.8,0.5,8.0,10,181,0
0.8,0.6,8.1,11,151,1
0.8,0.6,8.1,9,164,0
0.8,0.6,8.0,8,90,0
0.8,0.6,8.0,11,65,1
0.8,0.5,8.0,10,181,0
0.8,0.5,8.0,10,181,0
0.8,0.6,8.1,11,151,1
0.8,0.6,8.1,9,164,0
0.8,0.6,8.0,8,90,0
0.8,0.6,8.0,11,65,1
0.8,0.5,8.0,10,181,0
0.8,0.5,8.0,10,181,0
0.8,0.6,8.1,11,151,1
0.8,0.6,8.1,9,164,0
0.8,0.6,8.0,8,90,0
0.8,0.6,8.0,11,65,1
0.8,0.5,8.0,10,181,0
0.8,0.5,8.0,10,181,0
0.8,0.6,8.1,11,151,1
0.8,0.6,8.1,9,164,0
0.8,0.6,8.0,8,90,0
0.8,0.6,8.0,11,65,1
0.8,0.5,8.0,10,181,0
0.8,0.5,8.0,10,181,0
0.8,0.6,8.1,11,151,1
0.8,0.6,8.1,9,164,0
0.8,0.6,8.0,8,90,0
0.8,0.6,8.0,11,65,1
0.8,0.5,8.0,10,181,0
0.8,0.5,8.0,10,181,0
0.8,0.6,8.1,11,151,1
0.8,0.6,8.1,9,164,0
0.8,0.6,8.0,8,90,0
0.8,0.6,8.0,11,65,1
0.7,0.6,7.9,21,340,1
0.7,0.6,7.9,21,340,0
0.8,0.6,7.8,23,324,0
0.7,0.6,7.8,19,301,0
0.7,0.6,7.8,18,289,0
0.8,0.6,7.6,6,214,1
0.8,0.6,7.6,6,214,0
0.7,0.6,7.9,21,340,1
0.7,0.6,7.9,21,340,0
0.8,0.6,7.8,23,324,0
0.7,0.6,7.8,19,301,0
0.7,0.6,7.8,18,289,0
0.8,0.6,7.6,6,214,1
0.8,0.6,7.6,6,214,0
0.7,0.6,7.9,21,340,1
0.7,0.6,7.9,21,340,0
0.8,0.6,7.8,23,324,0
0.7,0.6,7.8,19,301,0
0.7,0.6,7.8,18,289,0
0.8,0.6,7.6,6,214,1
0.8,0.6,7.6,6,214,0
0.7,0.6,7.9,21,340,1
0.7,0.6,7.9,21,340,0
0.8,0.6,7.8,23,324,0
0.7,0.6,7.8,19,301,0
0.7,0.6,7.8,18,289,0
0.8,0.6,7.6,6,214,1
0.8,0.6,7.6,6,214,0
0.7,0.6,7.9,21,340,1
0.7,0.6,7.9,21,340,0
0.8,0.6,7.8,23,324,0
0.7,0.6,7.8,19,301,0
0.7,0.6,7.8,18,289,0
0.8,0.6,7.6,6,214,1
0.8,0.6,7.6,6,214,0
0.7,0.6,7.9,21,340,1
0.7,0.6,7.9,21,340,0
0.8,0.6,7.8,23,324,0
0.7,0.6,7.8,19,301,0
0.7,0.6,7.8,18,289,0
0.8,0.6,7.6,6,214,1
0.8,0.6,7.6,6,214,0
0.7,0.6,7.9,21,340,1
0.7,0.6,7.9,21,340,0
0.8,0.6,7.8,23,324,0
0.7,0.6,7.8,19,301,0
0.7,0.6,7.8,18,289,0
0.8,0.6,7.6,6,214,1
0.8,0.6,7.6,6,214,0
0.5,0.5,7.3,13,351,0
0.6,0.5,7.2,14,344,1
0.6,0.5,7.2,15,336,1
0.7,0.5,7.1,18,331,1
0.8,0.5,7.0,21,334,1
0.7,0.5,7.0,23,344,1
0.7,0.5,7.0,23,349,0
0.5,0.5,7.3,13,351,0
0.6,0.5,7.2,14,344,1
0.6,0.5,7.2,15,336,1
0.7,0.5,7.1,18,331,1
0.8,0.5,7.0,21,334,1
0.7,0.5,7.0,23,344,1
0.7,0.5,7.0,23,349,0
0.5,0.5,7.3,13,351,0
0.6,0.5,7.2,14,344,1
0.6,0.5,7.2,15,336,1
0.7,0.5,7.1,18,331,1
0.8,0.5,7.0,21,334,1
0.7,0.5,7.0,23,344,1
0.7,0.5,7.0,23,349,0
0.5,0.5,7.3,13,351,0
0.6,0.5,7.2,14,344,1
0.6,0.5,7.2,15,336,1
0.7,0.5,7.1,18,331,1
0.8,0.5,7.0,21,334,1
0.7,0.5,7.0,23,344,1
0.7,0.5,7.0,23,349,0
0.5,0.5,7.3,13,351,0
0.6,0.5,7.2,14,344,1
0.6,0.5,7.2,15,336,1
0.7,0.5,7.1,18,331,1
0.8,0.5,7.0,21,334,1
0.7,0.5,7.0,23,344,1
0.7,0.5,7.0,23,349,0
0.5,0.5,7.3,13,351,0
0.6,0.5,7.2,14,344,1
0.6,0.5,7.2,15,336,1
0.7,0.5,7.1,18,331,1
0.8,0.5,7.0,21,334,1
0.7,0.5,7.0,23,344,1
0.7,0.5,7.0,23,349,0
0.5,0.5,7.3,13,351,0
0.6,0.5,7.2,14,344,1
0.6,0.5,7.2,15,336,1
0.7,0.5,7.1,18,331,1
0.8,0.5,7.0,21,334,1
0.7,0.5,7.0,23,344,1
0.7,0.5,7.0,23,349,0
0.6,0.5,6.9,18,303,0
0.6,0.5,6.9,18,303,0
0.7,0.5,7.0,22,297,0
0.7,0.5,7.0,22,297,0
0.7,0.5,7.1,21,307,0
0.7,0.5,7.2,21,312,1
0.8,0.5,7.3,17,291,0
0.9,0.6,7.3,24,215,0
0.9,0.6,7.3,24,215,0
0.6,0.5,6.9,18,303,0
0.6,0.5,6.9,18,303,0
0.7,0.5,7.0,22,297,0
0.7,0.5,7.0,22,297,0
0.7,0.5,7.1,21,307,0
0.7,0.5,7.2,21,312,1
0.8,0.5,7.3,17,291,0
0.9,0.6,7.3,24,215,0
0.9,0.6,7.3,24,215,0
0.6,0.5,6.9,18,303,0
0.6,0.5,6.9,18,303,0
0.7,0.5,7.0,22,297,0
0.7,0.5,7.0,22,297,0
0.7,0.5,7.1,21,307,0
0.7,0.5,7.2,21,312,1
0.8,0.5,7.3,17,291,0
0.9,0.6,7.3,24,215,0
0.9,0.6,7.3,24,215,0
0.6,0.5,6.9,18,303,0
0.6,0.5,6.9,18,303,0
0.7,0.5,7.0,22,297,0
0.7,0.5,7.0,22,297,0
0.7,0.5,7.1,21,307,0
0.7,0.5,7.2,21,312,1
0.8,0.5,7.3,17,291,0
0.9,0.6,7.3,24,215,0
0.9,0.6,7.3,24,215,0
0.6,0.5,6.9,18,303,0
0.6,0.5,6.9,18,303,0
0.7,0.5,7.0,22,297,0
0.7,0.5,7.0,22,297,0
0.7,0.5,7.1,21,307,0
0.7,0.5,7.2,21,312,1
0.8,0.5,7.3,17,291,0
0.9,0.6,7.3,24,215,0
0.9,0.6,7.3,24,215,0
0.6,0.5,6.9,18,303,0
0.6,0.5,6.9,18,303,0
0.7,0.5,7.0,22,297,0
0.7,0.5,7.0,22,297,0
0.7,0.5,7.1,21,307,0
0.7,0.5,7.2,21,312,1
0.8,0.5,7.3,17,291,0
0.9,0.6,7.3,24,215,0
0.9,0.6,7.3,24,215,0
0.6,0.5,6.9,18,303,0
0.6,0.5,6.9,18,303,0
0.7,0.5,7.0,22,297,0
0.7,0.5,7.0,22,297,0
0.7,0.5,7.1,21,307,0
0.7,0.5,7.2,21,312,1
0.8,0.5,7.3,17,291,0
0.9,0.6,7.3,24,215,0
0.9,0.6,7.3,24,215,0
0.9,0.9,7.5,32,180,0
0.9,0.9,7.5,32,180,0
0.7,0.8,10.3,23,164,0
0.7,0.8,10.3,23,164,0
0.9,0.9,7.5,32,180,0
0.9,0.9,7.5,32,180,0
0.7,0.8,10.3,23,164,0
0.7,0.8,10.3,23,164,0
0.9,0.9,7.5,32,180,0
0.9,0.9,7.5,32,180,0
0.7,0.8,10.3,23,164,0
0.7,0.8,10.3,23,164,0
0.9,0.9,7.5,32,180,0
0.9,0.9,7.5,32,180,0
0.7,0.8,10.3,23,164,0
0.7,0.8,10.3,23,164,0
0.9,0.9,7.5,32,180,0
0.9,0.9,7.5,32,180,0
0.7,0.8,10.3,23,164,0
0.7,0.8,10.3,23,164,0
0.9,0.9,7.5,32,180,0
0.9,0.9,7.5,32,180,0
0.7,0.8,10.3,23,164,0
0.7,0.8,10.3,23,164,0
0.9,0.9,7.5,32,180,0
0.9,0.9,7.5,32,180,0
0.7,0.8,10.3,23,164,0
0.7,0.8,10.3,23,164,0
0.5,0.5,4.9,9,225,0
0.5,0.5,4.9,9,225,0
0.4,0.5,7.6,8,263,1
0.4,0.5,7.6,8,263,1
0.5,0.5,10.2,7,279,1
0.5,0.5,12.8,6,295,1
0.5,0.5,12.8,6,295,0
0.5,0.5,9.8,10,104,0
0.6,0.5,11.2,14,9,0
0.5,0.5,4.9,9,225,0
0.5,0.5,4.9,9,225,0
0.4,0.5,7.6,8,263,1
0.4,0.5,7.6,8,263,1
0.5,0.5,10.2,7,279,1
0.5,0.5,12.8,6,295,1
0.5,0.5,12.8,6,295,0
0.5,0.5,9.8,10,104,0
0.6,0.5,11.2,14,9,0
0.5,0.5,4.9,9,225,0
0.5,0.5,4.9,9,225,0
0.4,0.5,7.6,8,263,1
0.4,0.5,7.6,8,263,1
0.5,0.5,10.2,7,279,1
0.5,0.5,12.8,6,295,1
0.5,0.5,12.8,6,295,0
0.5,0.5,9.8,10,104,0
0.6,0.5,11.2,14,9,0
0.5,0.5,4.9,9,225,0
0.5,0.5,4.9,9,225,0
0.4,0.5,7.6,8,263,1
0.4,0.5,7.6,8,263,1
0.5,0.5,10.2,7,279,1
0.5,0.5,12.8,6,295,1
0.5,0.5,12.8,6,295,0
0.5,0.5,9.8,10,104,0
0.6,0.5,11.2,14,9,0
0.5,0.5,4.9,9,225,0
0.5,0.5,4.9,9,225,0
0.4,0.5,7.6,8,263,1
0.4,0.5,7.6,8,263,1
0.5,0.5,10.2,7,279,1
0.5,0.5,12.8,6,295,1
0.5,0.5,12.8,6,295,0
0.5,0.5,9.8,10,104,0
0.6,0.5,11.2,14,9,0
0.5,0.5,4.9,9,225,0
0.5,0.5,4.9,9,225,0
0.4,0.5,7.6,8,263,1
0.4,0.5,7.6,8,263,1
0.5,0.5,10.2,7,279,1
0.5,0.5,12.8,6,295,1
0.5,0.5,12.8,6,295,0
0.5,0.5,9.8,10,104,0
0.6,0.5,11.2,14,9,0
0.5,0.5,4.9,9,225,0
0.5,0.5,4.9,9,225,0
0.4,0.5,7.6,8,263,1
0.4,0.5,7.6,8,263,1
0.5,0.5,10.2,7,279,1
0.5,0.5,12.8,6,295,1
0.5,0.5,12.8,6,295,0
0.5,0.5,9.8,10,104,0
0.6,0.5,11.2,14,9,0
